time,length,pressure,force,time_contraction,pressure_contraction,length_contraction,force_contraction,time_extension,pressure_extension,length_extension,force_extension,estimated_contraction_length,estimated_extension_length,Estimated_Stretched_Length_Contraction,Estimated_Unstretched_Length_Contraction,Estimated_Stretched_Length_Extension,Estimated_Unstretched_Length_Extension,Estimated_Length_Contraction,Estimated_Length_Extension,real_length_contraction,Real_Estimated_Length_Contraction,real_length_extension,Real_Estimated_Length_Extension,real_length,time_elapsed,Error_Percentage_Contraction,Error_Percentage_Extension,,
10.015,155.2,0.428,46.5,0,0.428,182.2,46.5,,,,,156.1365855,,14.2169784,149.14608,,,163.3630584,,155.2,153.3630584,,,155.2,0,-1.183596391,,0.00014009,0.005156345
10.034,155.2,0.428,46.6,0.019,0.428,182.2,46.6,,,,,156.1418866,,14.24388854,149.14608,,,163.3899685,,155.2,153.3899685,,,155.2,0.019,-1.166257386,,0.000136016,
10.059,155.2,0.432,46.6,0.044,0.432,182.2,46.6,,,,,156.0638883,,14.23020085,148.99952,,,163.2297209,,155.2,153.2297209,,,155.2,0.044,-1.269509761,,0.000161166,
10.079,155.1,0.433,46.9,0.064,0.433,182.1,46.9,,,,,156.0604142,,14.3071779,148.96288,,,163.2700579,,155.1,153.2700579,,,155.1,0.064,-1.179846613,,0.000139204,
10.099,155.1,0.435,47.5,0.084,0.435,182.1,47.5,,,,,156.0534973,,14.46044683,148.8896,,,163.3500468,,155.1,153.3500468,,,155.1,0.084,-1.128274123,,0.0001273,
10.116,155.1,0.438,48.1,0.101,0.438,182.1,48.1,,,,,156.0266562,,14.60915297,148.77968,,,163.388833,,155.1,153.388833,,,155.1,0.101,-1.103266947,,0.00012172,
10.137,155.1,0.44,48.6,0.122,0.44,182.1,48.6,,,,,156.0142094,,14.73409477,148.7064,,,163.4404948,,155.1,153.4404948,,,155.1,0.122,-1.06995824,,0.000114481,
10.146,155,0.443,49.2,0.131,0.443,182,49.2,,,,,155.9870849,,14.8808252,148.59648,,,163.4773052,,155,153.4773052,,,155,0.131,-0.982383739,,9.65E-05,
10.176,154.8,0.445,49.6,0.161,0.445,181.8,49.6,,,,,155.9688877,,14.97803188,148.5232,,,163.5012319,,154.8,153.5012319,,,154.8,0.161,-0.838997495,,7.04E-05,
10.193,154.6,0.449,49.7,0.178,0.449,181.6,49.7,,,,,155.8918787,,14.98866536,148.37664,,,163.3653054,,154.6,153.3653054,,,154.6,0.178,-0.798638188,,6.38E-05,
10.218,154.4,0.45,49.8,0.203,0.45,181.4,49.8,,,,,155.8767032,,15.010862,148.34,,,163.350862,,154.4,153.350862,,,154.4,0.203,-0.679493526,,4.62E-05,
10.232,154.2,0.456,49.5,0.217,0.456,181.2,49.5,,,,,155.730203,,14.90968193,148.12016,,,163.0298419,,154.2,153.0298419,,,154.2,0.217,-0.758857376,,5.76E-05,
10.257,153.9,0.46,49.2,0.242,0.46,180.9,49.2,,,,,155.6230368,,14.81662023,147.9736,,,162.7902202,,153.9,152.7902202,,,153.9,0.242,-0.721104461,,5.20E-05,
10.277,153.7,0.461,49.6,0.262,0.461,180.7,49.6,,,,,155.6252242,,14.91660937,147.93696,,,162.8535694,,153.7,152.8535694,,,153.7,0.262,-0.550703075,,3.03E-05,
10.297,153.4,0.465,49.5,0.282,0.465,180.4,49.5,,,,,155.5276906,,14.8755965,147.7904,,,162.6659965,,153.4,152.6659965,,,153.4,0.282,-0.478489896,,2.29E-05,
10.317,153.2,0.468,48.9,0.302,0.468,180.2,48.9,,,,,155.4190473,,14.7092511,147.68048,,,162.3897311,,153.2,152.3897311,,,153.2,0.302,-0.528896149,,2.80E-05,
10.338,152.9,0.473,49.1,0.323,0.473,179.9,49.1,,,,,155.3119654,,14.74261868,147.49728,,,162.2398987,,152.9,152.2398987,,,152.9,0.323,-0.431720939,,1.86E-05,
10.357,152.7,0.475,49.5,0.342,0.475,179.7,49.5,,,,,155.2897496,,14.83814811,147.424,,,162.2621481,,152.7,152.2621481,,,152.7,0.342,-0.28673994,,8.22E-06,
10.378,152.5,0.478,49.3,0.363,0.478,179.5,49.3,,,,,155.2020686,,14.7757022,147.31408,,,162.0897822,,152.5,152.0897822,,,152.5,0.363,-0.268995278,,7.24E-06,
10.394,152.3,0.483,49.1,0.379,0.483,179.3,49.1,,,,,155.0613937,,14.70617251,147.13088,,,161.8370525,,152.3,151.8370525,,,152.3,0.379,-0.303970772,,9.24E-06,
10.407,152,0.489,49.3,0.392,0.489,179,49.3,,,,,154.918581,,14.73550861,146.91104,,,161.6465486,,152,151.6465486,,,152,0.392,-0.23253381,,5.41E-06,
10.434,151.8,0.493,49.5,0.419,0.493,178.8,49.5,,,,,154.8258238,,14.77183132,146.76448,,,161.5363113,,151.8,151.5363113,,,151.8,0.419,-0.173707957,,3.02E-06,
10.443,151.6,0.495,49.7,0.428,0.495,178.6,49.7,,,,,154.7861771,,14.81523349,146.6912,,,161.5064335,,151.6,151.5064335,,,151.6,0.428,-0.061719335,,3.81E-07,
10.476,151.3,0.5,49.5,0.461,0.5,178.3,49.5,,,,,154.6325957,,14.74640895,146.508,,,161.254409,,151.3,151.254409,,,151.3,0.461,-0.030132879,,9.08E-08,
10.498,151.1,0.506,49.5,0.483,0.506,178.1,49.5,,,,,154.4610871,,14.72477795,146.28816,,,161.0129379,,151.1,151.0129379,,,151.1,0.483,-0.057618831,,3.32E-07,
10.518,150.8,0.508,49.8,0.503,0.508,177.8,49.8,,,,,154.4264249,,14.79299449,146.21488,,,161.0078745,,150.8,151.0078745,,,150.8,0.503,0.137847807,,1.90E-06,
10.539,150.6,0.511,49.6,0.524,0.511,177.6,49.6,,,,,154.3219826,,14.73196466,146.10496,,,160.8369247,,150.6,150.8369247,,,150.6,0.524,0.157320488,,2.47E-06,
10.554,150.3,0.517,49.2,0.539,0.517,177.3,49.2,,,,,154.1073153,,14.61036597,145.88512,,,160.495486,,150.3,150.495486,,,150.3,0.539,0.130063853,,1.69E-06,
10.573,150.1,0.521,49.3,0.558,0.521,177.1,49.3,,,,,153.9909892,,14.62138064,145.73856,,,160.3599406,,150.1,150.3599406,,,150.1,0.558,0.173178309,,3.00E-06,
10.589,149.9,0.526,49.8,0.574,0.526,176.9,49.8,,,,,153.874876,,14.72828412,145.55536,,,160.2836441,,149.9,150.2836441,,,149.9,0.574,0.255933367,,6.55E-06,
10.616,149.6,0.53,49.5,0.601,0.53,176.6,49.5,,,,,153.7188191,,14.6396831,145.4088,,,160.0484831,,149.6,150.0484831,,,149.6,0.601,0.299788166,,8.99E-06,
10.638,149.4,0.536,49.5,0.623,0.536,176.4,49.5,,,,,153.5187278,,14.6187564,145.18896,,,159.8077164,,149.4,149.8077164,,,149.4,0.623,0.272902546,,7.45E-06,
10.655,149.2,0.539,50,0.64,0.539,176.2,50,,,,,153.4624325,,14.73158985,145.07904,,,159.8106298,,149.2,149.8106298,,,149.2,0.64,0.409269334,,1.68E-05,
10.679,148.9,0.544,49.8,0.664,0.544,175.9,49.8,,,,,153.2708873,,14.66484512,144.89584,,,159.5606851,,148.9,149.5606851,,,148.9,0.664,0.443710624,,1.97E-05,
10.699,148.7,0.552,49.5,0.684,0.552,175.7,49.5,,,,,152.9555844,,14.56360602,144.60272,,,159.166326,,148.7,149.166326,,,148.7,0.684,0.313601896,,9.83E-06,
10.718,148.4,0.556,49.9,0.703,0.556,175.4,49.9,,,,,152.8478044,,14.64761977,144.45616,,,159.1037798,,148.4,149.1037798,,,148.4,0.703,0.47424513,,2.25E-05,
10.739,148.2,0.559,49.9,0.724,0.559,175.2,49.9,,,,,152.7357808,,14.63725695,144.34624,,,158.983497,,148.2,148.983497,,,148.2,0.724,0.528675405,,2.79E-05,
10.756,148,0.566,49.3,0.741,0.566,175,49.3,,,,,152.4055233,,14.46745367,144.08976,,,158.5572137,,148,148.5572137,,,148,0.741,0.376495725,,1.42E-05,
10.769,147.8,0.571,49.4,0.754,0.571,174.8,49.4,,,,,152.2183279,,14.47506217,143.90656,,,158.3816222,,147.8,148.3816222,,,147.8,0.754,0.393519737,,1.55E-05,
10.796,147.5,0.575,49.8,0.781,0.575,174.5,49.8,,,,,152.1004427,,14.55841479,143.76,,,158.3184148,,147.5,148.3184148,,,147.5,0.781,0.554857482,,3.08E-05,
10.812,147.3,0.581,49.5,0.797,0.581,174.3,49.5,,,,,151.8204868,,14.465977,143.54016,,,158.006137,,147.3,148.006137,,,147.3,0.797,0.479386966,,2.30E-05,
10.831,147.1,0.586,49.2,0.816,0.586,174.1,49.2,,,,,151.5748967,,14.37724043,143.35696,,,157.7342004,,147.1,147.7342004,,,147.1,0.816,0.431135574,,1.86E-05,
10.857,146.9,0.591,49.4,0.842,0.591,173.9,49.4,,,,,151.3816476,,14.40899883,143.17376,,,157.5827588,,146.9,147.5827588,,,146.9,0.842,0.464777962,,2.16E-05,
10.879,146.7,0.594,49.7,0.864,0.594,173.7,49.7,,,,,151.2851668,,14.47097315,143.06384,,,157.5348132,,146.7,147.5348132,,,146.7,0.864,0.569061452,,3.24E-05,
10.898,146.5,0.599,49.5,0.883,0.599,173.5,49.5,,,,,151.0379495,,14.40681994,142.88064,,,157.2874599,,146.5,147.2874599,,,146.5,0.883,0.537515316,,2.89E-05,
10.915,146.3,0.604,49.3,0.9,0.604,173.3,49.3,,,,,150.7847972,,14.34293473,142.69744,,,157.0403747,,146.3,147.0403747,,,146.3,0.9,0.50606612,,2.56E-05,
10.936,146.1,0.608,49.3,0.921,0.608,173.1,49.3,,,,,150.5981288,,14.33009993,142.55088,,,156.8809799,,146.1,146.8809799,,,146.1,0.921,0.53455163,,2.86E-05,
10.957,145.9,0.614,49.2,0.942,0.614,172.9,49.2,,,,,150.2992531,,14.28722097,142.33104,,,156.618261,,145.9,146.618261,,,145.9,0.942,0.492296755,,2.42E-05,
10.977,145.7,0.62,49.3,0.962,0.62,172.7,49.3,,,,,150.0190176,,14.2918948,142.1112,,,156.4030948,,145.7,146.4030948,,,145.7,0.962,0.48256335,,2.33E-05,
10.998,145.5,0.622,49.6,0.983,0.622,172.5,49.6,,,,,149.9596776,,14.35631793,142.03792,,,156.3942379,,145.5,146.3942379,,,145.5,0.983,0.614596517,,3.78E-05,
11.005,145.3,0.626,49.3,0.99,0.626,172.3,49.3,,,,,149.7185441,,14.27295794,141.89136,,,156.1643179,,145.3,146.1643179,,,145.3,0.99,0.594850613,,3.54E-05,
11.038,145.2,0.633,48.9,1.023,0.633,172.2,48.9,,,,,149.3026288,,14.1569511,141.63488,,,155.7918311,,145.2,145.7918311,,,145.2,1.023,0.407597176,,1.66E-05,
11.059,145,0.637,49.3,1.044,0.637,172,49.3,,,,,149.148382,,14.23852142,141.48832,,,155.7268414,,145,145.7268414,,,145,1.044,0.501269943,,2.51E-05,
11.076,144.8,0.642,49.5,1.061,0.642,171.8,49.5,,,,,148.9097667,,14.26967885,141.30512,,,155.5747989,,144.8,145.5747989,,,144.8,1.061,0.53508208,,2.86E-05,
11.093,144.7,0.648,49.1,1.078,0.648,171.7,49.1,,,,,148.5230736,,14.15781698,141.08528,,,155.243097,,144.7,145.243097,,,144.7,1.078,0.375326182,,1.41E-05,
11.117,144.5,0.654,49.3,1.102,0.654,171.5,49.3,,,,,148.216947,,14.1859999,140.86544,,,155.0514399,,144.5,145.0514399,,,144.5,1.102,0.381619307,,1.46E-05,
11.136,144.3,0.658,49.5,1.121,0.658,171.3,49.5,,,,,148.0195236,,14.22007259,140.71888,,,154.9389526,,144.3,144.9389526,,,144.3,1.121,0.442794585,,1.96E-05,
11.156,144.2,0.663,49.4,1.141,0.663,171.2,49.4,,,,,147.7142065,,14.1816352,140.53568,,,154.7173152,,144.2,144.7173152,,,144.2,1.141,0.358748403,,1.29E-05,
11.178,144,0.669,49.3,1.163,0.669,171,49.3,,,,,147.342911,,14.14034114,140.31584,,,154.4561811,,144,144.4561811,,,144,1.163,0.316792461,,1.00E-05,
11.198,143.9,0.673,49.4,1.183,0.673,170.9,49.4,,,,,147.1176949,,14.15126137,140.16928,,,154.3205414,,143.9,144.3205414,,,143.9,1.183,0.292245569,,8.54E-06,
11.212,143.7,0.676,49.5,1.197,0.676,170.7,49.5,,,,,146.9508446,,14.16513953,140.05936,,,154.2244995,,143.7,144.2244995,,,143.7,1.197,0.364996195,,1.33E-05,
11.228,143.6,0.68,49.4,1.213,0.68,170.6,49.4,,,,,146.6867288,,14.13016395,139.9128,,,154.0429639,,143.6,144.0429639,,,143.6,1.213,0.308470716,,9.52E-06,
11.255,143.4,0.685,49.1,1.24,0.685,170.4,49.1,,,,,146.320784,,14.04655577,139.7296,,,153.7761558,,143.4,143.7761558,,,143.4,1.24,0.26231225,,6.88E-06,
11.276,143.3,0.69,49.2,1.261,0.69,170.3,49.2,,,,,146.0167913,,14.05464036,139.5464,,,153.6010404,,143.3,143.6010404,,,143.3,1.261,0.210077015,,4.41E-06,
11.294,143.2,0.693,49.4,1.279,0.693,170.2,49.4,,,,,145.8565079,,14.09133472,139.43648,,,153.5278147,,143.2,143.5278147,,,143.2,1.279,0.228920897,,5.24E-06,
11.308,143.1,0.699,49.5,1.293,0.699,170.1,49.5,,,,,145.47797,,14.09624286,139.21664,,,153.3128829,,143.1,143.3128829,,,143.1,1.293,0.148765101,,2.21E-06,
11.337,142.9,0.701,49.7,1.322,0.701,169.9,49.7,,,,,145.3801395,,14.13557063,139.14336,,,153.2789306,,142.9,143.2789306,,,142.9,1.322,0.265171887,,7.03E-06,
11.357,142.8,0.706,49.5,1.342,0.706,169.8,49.5,,,,,145.0050752,,14.0755537,138.96016,,,153.0357137,,142.8,143.0357137,,,142.8,1.342,0.165065613,,2.72E-06,
11.374,142.7,0.712,49.3,1.359,0.712,169.7,49.3,,,,,144.5527686,,14.01283021,138.74032,,,152.7531502,,142.7,142.7531502,,,142.7,1.359,0.037246121,,1.39E-07,
11.395,142.6,0.715,49.5,1.38,0.715,169.6,49.5,,,,,144.3797758,,14.04914005,138.6304,,,152.6795401,,142.6,142.6795401,,,142.6,1.38,0.055778438,,3.11E-07,
11.415,142.5,0.72,49.5,1.4,0.72,169.5,49.5,,,,,144.0238758,,14.03455534,138.4472,,,152.4817553,,142.5,142.4817553,,,142.5,1.4,-0.012803272,,1.64E-08,
11.434,142.4,0.723,49.6,1.419,0.723,169.4,49.6,,,,,143.8269077,,14.04823245,138.33728,,,152.3855124,,142.4,142.3855124,,,142.4,1.419,-0.010173843,,1.04E-08,
11.452,142.3,0.726,49.7,1.437,0.726,169.3,49.7,,,,,143.6281033,,14.06184839,138.22736,,,152.2892084,,142.3,142.2892084,,,142.3,1.437,-0.007583703,,5.75E-09,
11.472,142.2,0.729,49.6,1.457,0.729,169.2,49.6,,,,,143.3876566,,14.03079558,138.11744,,,152.1482356,,142.2,142.1482356,,,142.2,1.457,-0.036402543,,1.33E-07,
11.498,142.1,0.735,49.5,1.483,0.735,169.1,49.5,,,,,142.9190727,,13.99117779,137.8976,,,151.8887778,,142.1,141.8887778,,,142.1,1.483,-0.148643359,,2.21E-06,
11.516,142,0.739,49.5,1.501,0.739,169,49.5,,,,,142.614928,,13.97970439,137.75104,,,151.7307444,,142,141.7307444,,,142,1.501,-0.189616626,,3.60E-06,
11.532,141.9,0.741,49.7,1.517,0.741,168.9,49.7,,,,,142.5028402,,14.01837903,137.67776,,,151.696139,,141.9,141.696139,,,141.9,1.517,-0.143665234,,2.06E-06,
11.556,141.8,0.745,49.7,1.541,0.745,168.8,49.7,,,,,142.1931511,,14.00688127,137.5312,,,151.5380813,,141.8,141.5380813,,,141.8,1.541,-0.184709964,,3.41E-06,
11.575,141.7,0.748,49.6,1.56,0.748,168.7,49.6,,,,,141.9369549,,13.97616756,137.42128,,,151.3974476,,141.7,141.3974476,,,141.7,1.56,-0.21351619,,4.56E-06,
11.595,141.6,0.751,49.6,1.58,0.751,168.6,49.6,,,,,141.6994633,,13.96762244,137.31136,,,151.2789824,,141.6,141.2789824,,,141.6,1.58,-0.226707316,,5.14E-06,
11.615,141.6,0.753,49.7,1.6,0.753,168.6,49.7,,,,,141.5614363,,13.98400255,137.23808,,,151.2220826,,141.6,141.2220826,,,141.6,1.6,-0.266890853,,7.12E-06,
11.636,141.5,0.757,49.6,1.621,0.757,168.5,49.6,,,,,141.2174711,,13.9505968,137.09152,,,151.0421168,,141.5,141.0421168,,,141.5,1.621,-0.323592368,,1.05E-05,
11.656,141.4,0.761,49.6,1.641,0.761,168.4,49.6,,,,,140.8909138,,13.93929384,136.94496,,,150.8842538,,141.4,140.8842538,,,141.4,1.641,-0.36474269,,1.33E-05,
11.676,141.3,0.763,49.7,1.661,0.763,168.3,49.7,,,,,140.748377,,13.95562016,136.87168,,,150.8273002,,141.3,140.8273002,,,141.3,1.661,-0.334536333,,1.12E-05,
11.698,141.3,0.765,49.6,1.683,0.765,168.3,49.6,,,,,140.5601411,,13.92802852,136.7984,,,150.7264285,,141.3,140.7264285,,,141.3,1.683,-0.405924617,,1.65E-05,
11.703,141.2,0.768,49.5,1.688,0.768,168.2,49.5,,,,,140.2865674,,13.89767008,136.68848,,,150.5861501,,141.2,140.5861501,,,141.2,1.688,-0.434737905,,1.89E-05,
11.735,141.2,0.77,49.7,1.72,0.77,168.2,49.7,,,,,140.1635413,,13.93589309,136.6152,,,150.5510931,,141.2,140.5510931,,,141.2,1.72,-0.459565803,,2.11E-05,
11.754,141.1,0.773,49.8,1.739,0.773,168.1,49.8,,,,,139.9319337,,13.94931722,136.50528,,,150.4545972,,141.1,140.4545972,,,141.1,1.739,-0.457408063,,2.09E-05,
11.776,141.1,0.775,49.8,1.761,0.775,168.1,49.8,,,,,139.7609785,,13.94369605,136.432,,,150.3756961,,141.1,140.3756961,,,141.1,1.761,-0.513326683,,2.64E-05,
11.789,141,0.776,49.8,1.774,0.776,168,49.8,,,,,139.6750973,,13.94088895,136.39536,,,150.3362489,,141,140.3362489,,,141,1.774,-0.470745428,,2.22E-05,
11.816,141,0.779,49.8,1.801,0.779,168,49.8,,,,,139.4158338,,13.93248152,136.28544,,,150.2179215,,141,140.2179215,,,141,1.801,-0.554665588,,3.08E-05,
11.837,140.9,0.781,49.9,1.822,0.781,167.9,49.9,,,,,139.2652494,,13.94863251,136.21216,,,150.1607925,,140.9,140.1607925,,,140.9,1.822,-0.524632712,,2.75E-05,
11.853,140.9,0.783,49.9,1.838,0.783,167.9,49.9,,,,,139.0901167,,13.94302869,136.13888,,,150.0819087,,140.9,140.0819087,,,140.9,1.838,-0.580618387,,3.37E-05,
11.873,140.8,0.785,49.8,1.858,0.785,167.8,49.8,,,,,138.889979,,13.91572876,136.0656,,,149.9813288,,140.8,139.9813288,,,140.8,1.858,-0.58144264,,3.38E-05,
11.895,140.8,0.786,49.7,1.88,0.786,167.8,49.7,,,,,138.7773673,,13.89122866,136.02896,,,149.9201887,,140.8,139.9201887,,,140.8,1.88,-0.624866012,,3.90E-05,
11.915,140.7,0.789,49.7,1.9,0.789,167.7,49.7,,,,,138.5097005,,13.88291902,135.91904,,,149.801959,,140.7,139.801959,,,140.7,1.9,-0.638266509,,4.07E-05,
11.936,140.7,0.791,49.7,1.921,0.791,167.7,49.7,,,,,138.3298796,,13.87739052,135.84576,,,149.7231505,,140.7,139.7231505,,,140.7,1.921,-0.694278241,,4.82E-05,
11.956,140.6,0.791,49.7,1.941,0.791,167.6,49.7,,,,,138.3298796,,13.87739052,135.84576,,,149.7231505,,140.6,139.7231505,,,140.6,1.941,-0.623648282,,3.89E-05,
11.961,140.6,0.791,49.6,1.946,0.791,167.6,49.6,,,,,138.3054592,,13.85570252,135.84576,,,149.7014625,,140.6,139.7014625,,,140.6,1.946,-0.639073602,,4.08E-05,
11.996,140.6,0.793,49.4,1.981,0.793,167.6,49.4,,,,,138.0751582,,13.80680318,135.77248,,,149.5792832,,140.6,139.5792832,,,140.6,1.981,-0.725972135,,5.27E-05,
12.013,140.6,0.793,49.5,1.998,0.793,167.6,49.5,,,,,138.0997808,,13.82851299,135.77248,,,149.600993,,140.6,139.600993,,,140.6,1.998,-0.7105313,,5.05E-05,
12.034,140.5,0.795,49.6,2.019,0.795,167.5,49.6,,,,,137.9421903,,13.84471085,135.6992,,,149.5439108,,140.5,139.5439108,,,140.5,2.019,-0.680490501,,4.63E-05,
12.054,140.5,0.796,49.6,2.039,0.796,167.5,49.6,,,,,137.8506789,,13.84196847,135.66256,,,149.5045285,,140.5,139.5045285,,,140.5,2.039,-0.708520665,,5.02E-05,
12.075,140.5,0.797,49.5,2.06,0.797,167.5,49.5,,,,,137.7339808,,13.8175774,135.62592,,,149.4434974,,140.5,139.4434974,,,140.5,2.06,-0.751959147,,5.65E-05,
12.095,140.5,0.798,49.5,2.08,0.798,167.5,49.5,,,,,137.6418341,,13.81484898,135.58928,,,149.404129,,140.5,139.404129,,,140.5,2.08,-0.779979371,,6.08E-05,
12.115,140.4,0.798,49.5,2.1,0.798,167.4,49.5,,,,,137.6418341,,13.81484898,135.58928,,,149.404129,,140.4,139.404129,,,140.4,2.1,-0.709309841,,5.03E-05,
12.136,140.4,0.8,49.4,2.121,0.8,167.4,49.4,,,,,137.4315354,,13.78775583,135.516,,,149.3037558,,140.4,139.3037558,,,140.4,2.121,-0.780800688,,6.10E-05,
12.156,140.4,0.8,49.4,,,,,2.141,0.8,167.4,49.4,,137.3388346,,,13.78775583,135.516,,149.3037558,,,140.4,139.3037558,140.4,2.141,,-0.780800688,6.10E-05,
12.173,140.4,0.8,49.3,,,,,2.158,0.8,167.4,49.3,,137.3116559,,,13.76609232,135.516,,149.2820923,,,140.4,139.2820923,140.4,2.158,,-0.796230545,6.34E-05,
12.193,140.4,0.798,49.3,,,,,2.178,0.798,167.4,49.3,,137.4938988,,,13.77150449,135.58928,,149.3607845,,,140.4,139.3607845,140.4,2.178,,-0.740181989,5.48E-05,
12.213,140.4,0.798,49.1,,,,,2.198,0.798,167.4,49.1,,137.4397941,,,13.7280773,135.58928,,149.3173573,,,140.4,139.3173573,140.4,2.198,,-0.771113035,5.95E-05,
12.234,140.4,0.8,49.1,,,,,2.219,0.8,167.4,49.1,,137.2571923,,,13.72270318,135.516,,149.2387032,,,140.4,139.2387032,140.4,2.219,,-0.827134485,6.84E-05,
12.254,140.4,0.798,49.1,,,,,2.239,0.798,167.4,49.1,,137.4397941,,,13.7280773,135.58928,,149.3173573,,,140.4,139.3173573,140.4,2.239,,-0.771113035,5.95E-05,
12.274,140.4,0.798,49,,,,,2.259,0.798,167.4,49,,137.4126888,,,13.7063326,135.58928,,149.2956126,,,140.4,139.2956126,140.4,2.259,,-0.786600715,6.19E-05,
12.296,140.4,0.796,49,,,,,2.281,0.796,167.4,49,,137.5943366,,,13.71169618,135.66256,,149.3742562,,,140.4,139.3742562,140.4,2.281,,-0.730586767,5.34E-05,
12.312,140.4,0.796,48.9,,,,,2.297,0.796,167.4,48.9,,137.567375,,,13.68991164,135.66256,,149.3524716,,,140.4,139.3524716,140.4,2.297,,-0.746102822,5.57E-05,
12.333,140.4,0.795,48.8,,,,,2.318,0.795,167.4,48.8,,137.6309568,,,13.67077218,135.6992,,149.3699722,,,140.4,139.3699722,140.4,2.318,,-0.733638051,5.38E-05,
12.351,140.4,0.793,48.7,,,,,2.336,0.793,167.4,48.7,,137.7845032,,,13.65425544,135.77248,,149.4267354,,,140.4,139.4267354,140.4,2.336,,-0.693208379,4.81E-05,
12.37,140.4,0.795,48.6,,,,,2.355,0.795,167.4,48.6,,137.5770359,,,13.62707979,135.6992,,149.3262798,,,140.4,139.3262798,140.4,2.355,,-0.764757983,5.85E-05,
12.391,140.4,0.793,48.5,,,,,2.376,0.793,167.4,48.5,,137.7308692,,,13.61048307,135.77248,,149.3829631,,,140.4,139.3829631,140.4,2.376,,-0.724385278,5.25E-05,
12.418,140.4,0.792,48.5,,,,,2.403,0.792,167.4,48.5,,137.8208694,,,13.6131266,135.80912,,149.4222466,,,140.4,139.4222466,140.4,2.403,,-0.696405558,4.85E-05,
12.435,140.4,0.791,48.4,,,,,2.42,0.791,167.4,48.4,,137.8838966,,,13.59383549,135.84576,,149.4395955,,,140.4,139.4395955,140.4,2.42,,-0.684048797,4.68E-05,
12.455,140.4,0.79,48.2,,,,,2.44,0.79,167.4,48.2,,137.9201126,,,13.55251806,135.8824,,149.4349181,,,140.4,139.4349181,140.4,2.44,,-0.687380302,4.72E-05,
12.475,140.4,0.789,48,,,,,2.46,0.789,167.4,48,,137.9562629,,,13.51108019,135.91904,,149.4301202,,,140.4,139.4301202,140.4,2.46,,-0.690797585,4.77E-05,
12.496,140.4,0.787,47.9,,,,,2.481,0.787,167.4,47.9,,138.1081124,,,13.49420976,135.99232,,149.4865298,,,140.4,139.4865298,140.4,2.481,,-0.650619826,4.23E-05,
12.513,140.4,0.786,47.8,,,,,2.498,0.786,167.4,47.8,,138.1705033,,,13.47469713,136.02896,,149.5036571,,,140.4,139.5036571,140.4,2.498,,-0.638420847,4.08E-05,
12.533,140.4,0.784,47.6,,,,,2.518,0.784,167.4,47.6,,138.2948726,,,13.43555674,136.10224,,149.5377967,,,140.4,139.5377967,140.4,2.518,,-0.614104889,3.77E-05,
12.554,140.4,0.781,47.3,,,,,2.539,0.781,167.4,47.3,,138.4803974,,,13.37655753,136.21216,,149.5887175,,,140.4,139.5887175,140.4,2.539,,-0.577836514,3.34E-05,
12.574,140.4,0.779,47.1,,,,,2.559,0.779,167.4,47.1,,138.6033963,,,13.33703171,136.28544,,149.6224717,,,140.4,139.6224717,140.4,2.559,,-0.553795076,3.07E-05,
12.595,140.4,0.778,46.8,,,,,2.58,0.778,167.4,46.8,,138.612524,,,13.2724299,136.32208,,149.5945099,,,140.4,139.5945099,140.4,2.58,,-0.573710899,3.29E-05,
12.615,140.4,0.774,46.6,,,,,2.6,0.774,167.4,46.6,,138.9085073,,,13.23753858,136.46864,,149.7061786,,,140.4,139.7061786,140.4,2.6,,-0.494174801,2.44E-05,
12.631,140.4,0.773,46.3,,,,,2.616,0.773,167.4,46.3,,138.917485,,,13.17243044,136.50528,,149.6777104,,,140.4,139.6777104,140.4,2.616,,-0.51445125,2.65E-05,
12.651,140.5,0.769,46.1,,,,,2.636,0.769,167.5,46.1,,139.2102247,,,13.13707097,136.65184,,149.788911,,,140.5,139.788911,140.5,2.636,,-0.50611319,2.56E-05,
12.672,140.5,0.768,46,,,,,2.657,0.768,167.5,46,,139.2701626,,,13.11685996,136.68848,,149.80534,,,140.5,139.80534,140.5,2.657,,-0.494419956,2.44E-05,
12.693,140.5,0.765,45.9,,,,,2.678,0.765,167.5,45.9,,139.499824,,,13.10149926,136.7984,,149.8998993,,,140.5,139.8998993,140.5,2.678,,-0.427117964,1.82E-05,
12.713,140.6,0.762,45.7,,,,,2.698,0.762,167.6,45.7,,139.7024259,,,13.06328086,136.90832,,149.9716009,,,140.6,139.9716009,140.6,2.698,,-0.446941069,2.00E-05,
12.734,140.7,0.759,45.7,,,,,2.719,0.759,167.7,45.7,,139.9532326,,,13.0705869,137.01824,,150.0888269,,,140.7,140.0888269,140.7,2.719,,-0.43438031,1.89E-05,
12.755,140.7,0.756,45.7,,,,,2.74,0.756,167.7,45.7,,140.2016001,,,13.07790932,137.12816,,150.2060693,,,140.7,140.2060693,140.7,2.74,,-0.351052367,1.23E-05,
12.775,140.8,0.753,45.7,,,,,2.76,0.753,167.8,45.7,,140.4475408,,,13.08524819,137.23808,,150.3233282,,,140.8,140.3233282,140.8,2.76,,-0.338545322,1.15E-05,
12.791,140.8,0.751,45.6,,,,,2.776,0.751,167.8,45.6,,140.5859816,,,13.06722625,137.31136,,150.3785862,,,140.8,140.3785862,140.8,2.776,,-0.29929954,8.96E-06,
12.811,140.9,0.747,45.6,,,,,2.796,0.747,167.9,45.6,,140.9083508,,,13.07701233,137.45792,,150.5349323,,,140.9,140.5349323,140.9,2.796,,-0.259096995,6.71E-06,
12.832,141,0.743,45.6,,,,,2.817,0.743,168,45.6,,141.2264681,,,13.08682791,137.60448,,150.6913079,,,141,140.6913079,141,2.817,,-0.218930562,4.79E-06,
12.855,141,0.741,45.5,,,,,2.84,0.741,168,45.5,,141.360571,,,13.06870211,137.67776,,150.7464621,,,141,140.7464621,141,2.84,,-0.179814105,3.23E-06,
12.874,141.1,0.736,45.4,,,,,2.859,0.736,168.1,45.4,,141.7270851,,,13.05786542,137.86096,,150.9188254,,,141.1,140.9188254,141.1,2.859,,-0.128401545,1.65E-06,
12.893,141.2,0.734,45.3,,,,,2.878,0.734,168.2,45.3,,141.8583652,,,13.03961199,137.93424,,150.973852,,,141.2,140.973852,141.2,2.878,,-0.160161482,2.57E-06,
12.914,141.3,0.729,45.2,,,,,2.899,0.729,168.3,45.2,,142.2170914,,,13.02862568,138.11744,,151.1460657,,,141.3,141.1460657,141.3,2.899,,-0.108941486,1.19E-06,
12.934,141.4,0.725,45.1,,,,,2.919,0.725,168.4,45.1,,142.4955471,,,13.01512117,138.264,,151.2791212,,,141.4,141.2791212,141.4,2.919,,-0.085487153,7.31E-07,
12.951,141.5,0.723,45.1,,,,,2.936,0.723,168.5,45.1,,142.6444888,,,13.02000599,138.33728,,151.357286,,,141.5,141.357286,141.5,2.936,,-0.100857959,1.02E-06,
12.973,141.5,0.719,45.2,,,,,2.958,0.719,168.5,45.2,,142.9610095,,,13.05315175,138.48384,,151.5369918,,,141.5,141.5369918,141.5,2.958,,0.026142583,6.83E-08,
12.992,141.6,0.717,45.2,,,,,2.977,0.717,168.6,45.2,,143.106734,,,13.0580794,138.55712,,151.6151994,,,141.6,141.6151994,141.6,2.977,,0.01073404,1.15E-08,
13.012,141.7,0.713,45.3,,,,,2.997,0.713,168.7,45.3,,143.4163459,,,13.09135151,138.70368,,151.7950315,,,141.7,141.7950315,141.7,2.997,,0.067065284,4.50E-07,
13.033,141.8,0.71,45.3,,,,,3.018,0.71,168.8,45.3,,143.6297864,,,13.09881099,138.8136,,151.912411,,,141.8,141.912411,141.8,3.018,,0.079274321,6.28E-07,
13.053,141.9,0.707,45.2,,,,,3.038,0.707,168.9,45.2,,143.8202604,,,13.08283124,138.92352,,152.0063512,,,141.9,142.0063512,141.9,3.038,,0.074948017,5.62E-07,
13.073,142,0.702,45.2,,,,,3.058,0.702,169,45.2,,144.1676843,,,13.09527886,139.10672,,152.2019989,,,142,142.2019989,142,3.058,,0.142252721,2.02E-06,
13.094,142,0.699,45.1,,,,,3.079,0.699,169,45.1,,144.3530516,,,13.07920883,139.21664,,152.2958488,,,142,142.2958488,142,3.079,,0.208344245,4.34E-06,
13.111,142.1,0.697,45,,,,,3.096,0.697,169.1,45,,144.4689726,,,13.06058771,139.28992,,152.3505077,,,142.1,142.3505077,142.1,3.096,,0.176289733,3.11E-06,
13.133,142.2,0.693,44.9,,,,,3.118,0.693,169.2,44.9,,144.71848,,,13.04686698,139.43648,,152.483347,,,142.2,142.483347,142.2,3.118,,0.19925948,3.97E-06,
13.152,142.3,0.69,44.9,,,,,3.137,0.69,169.3,44.9,,144.9180913,,,13.05431579,139.5464,,152.6007158,,,142.3,142.6007158,142.3,3.137,,0.211325222,4.47E-06,
13.172,142.4,0.687,44.9,,,,,3.157,0.687,169.4,44.9,,145.1155329,,,13.06178198,139.65632,,152.718102,,,142.4,142.718102,142.4,3.157,,0.223386225,4.99E-06,
13.192,142.5,0.684,45,,,,,3.177,0.684,169.5,45,,145.3298693,,,13.09302959,139.76624,,152.8592696,,,142.5,142.8592696,142.5,3.177,,0.252119013,6.36E-06,
13.213,142.6,0.679,44.9,,,,,3.198,0.679,169.6,44.9,,145.631529,,,13.08177753,139.94944,,153.0312175,,,142.6,143.0312175,142.6,3.198,,0.302396587,9.14E-06,
13.234,142.7,0.674,44.8,,,,,3.219,0.674,169.7,44.8,,145.9279972,,,13.07044548,140.13264,,153.2030855,,,142.7,143.2030855,142.7,3.219,,0.352547638,1.24E-05,
13.254,142.8,0.669,44.7,,,,,3.239,0.669,169.8,44.7,,146.2193196,,,13.0590329,140.31584,,153.3748729,,,142.8,143.3748729,142.8,3.239,,0.402572056,1.62E-05,
13.271,143,0.663,44.6,,,,,3.256,0.663,170,44.6,,146.5657018,,,13.05004441,140.53568,,153.5857244,,,143,143.5857244,143,3.256,,0.409597489,1.68E-05,
13.291,143.2,0.658,44.4,,,,,3.276,0.658,170.2,44.4,,146.8285002,,,13.01431506,140.71888,,153.7331951,,,143.2,143.7331951,143.2,3.276,,0.372342918,1.39E-05,
13.311,143.4,0.653,44.6,,,,,3.296,0.653,170.4,44.6,,147.1547605,,,13.07520553,140.90208,,153.9772855,,,143.4,143.9772855,143.4,3.296,,0.402570103,1.62E-05,
13.332,143.6,0.648,45,,,,,3.317,0.648,170.6,45,,147.5068455,,,13.18462848,141.08528,,154.2699085,,,143.6,144.2699085,143.6,3.317,,0.466510086,2.18E-05,
13.353,143.8,0.642,45.2,,,,,3.338,0.642,170.8,45.2,,147.8731691,,,13.24855096,141.30512,,154.553671,,,143.8,144.553671,143.8,3.338,,0.524110546,2.75E-05,
13.373,143.9,0.64,45.1,,,,,3.358,0.64,170.9,45.1,,147.9667055,,,13.22957849,141.3784,,154.6079785,,,143.9,144.6079785,143.9,3.358,,0.491993393,2.42E-05,
13.393,144.1,0.635,45.1,,,,,3.378,0.635,171.1,45.1,,148.2367393,,,13.24265445,141.5616,,154.8042544,,,144.1,144.8042544,144.1,3.378,,0.488726194,2.39E-05,
13.413,144.2,0.629,45.1,,,,,3.398,0.629,171.2,45.1,,148.55366,,,13.25841723,141.78144,,155.0398572,,,144.2,145.0398572,144.2,3.398,,0.582425264,3.39E-05,
13.431,144.3,0.625,44.9,,,,,3.416,0.625,171.3,44.9,,148.7308598,,,13.22013921,141.928,,155.1481392,,,144.3,145.1481392,144.3,3.416,,0.58776106,3.45E-05,
13.45,144.5,0.62,44.7,,,,,3.435,0.62,171.5,44.7,,148.9562624,,,13.18423308,142.1112,,155.2954331,,,144.5,145.2954331,144.5,3.435,,0.55047272,3.03E-05,
13.471,144.7,0.615,44.8,,,,,3.456,0.615,171.7,44.8,,149.2206495,,,13.22187606,142.2944,,155.5162761,,,144.7,145.5162761,144.7,3.456,,0.564116141,3.18E-05,
13.492,144.9,0.609,44.8,,,,,3.477,0.609,171.9,44.8,,149.5135077,,,13.23769085,142.51424,,155.7519308,,,144.9,145.7519308,144.9,3.477,,0.587943994,3.46E-05,
13.512,145.1,0.604,44.8,,,,,3.497,0.604,172.1,44.8,,149.7519249,,,13.25093098,142.69744,,155.948371,,,145.1,145.948371,145.1,3.497,,0.58468021,3.42E-05,
13.532,145.3,0.599,44.9,,,,,3.517,0.599,172.3,44.9,,149.9985757,,,13.2889828,142.88064,,156.1696228,,,145.3,146.1696228,145.3,3.517,,0.598501584,3.58E-05,
13.552,145.5,0.594,45.1,,,,,3.537,0.594,172.5,45.1,,150.2525344,,,13.35197082,143.06384,,156.4158108,,,145.5,146.4158108,145.5,3.537,,0.629423244,3.96E-05,
13.573,145.7,0.589,45.3,,,,,3.558,0.589,172.7,45.3,,150.5002615,,,13.41518499,143.24704,,156.662225,,,145.7,146.662225,145.7,3.558,,0.660415232,4.36E-05,
13.59,145.9,0.585,45.2,,,,,3.575,0.585,172.9,45.2,,150.6619165,,,13.40135369,143.3936,,156.7949537,,,145.9,146.7949537,145.9,3.575,,0.613402115,3.76E-05,
13.611,146.1,0.58,45.1,,,,,3.596,0.58,173.1,45.1,,150.8633009,,,13.39018674,143.5768,,156.9669867,,,146.1,146.9669867,146.1,3.596,,0.593420085,3.52E-05,
13.631,146.3,0.575,45.2,,,,,3.616,0.575,173.3,45.2,,151.0840947,,,13.42894424,143.76,,157.1889442,,,146.3,147.1889442,146.3,3.616,,0.607617389,3.69E-05,
13.652,146.5,0.569,45.1,,,,,3.637,0.569,173.5,45.1,,151.3168584,,,13.42054476,143.97984,,157.4003848,,,146.5,147.4003848,146.5,3.637,,0.614597103,3.78E-05,
13.672,146.7,0.566,45,,,,,3.657,0.566,173.7,45,,151.4253112,,,13.40374669,144.08976,,157.4935067,,,146.7,147.4935067,146.7,3.657,,0.540904355,2.93E-05,
13.692,146.9,0.561,45,,,,,3.677,0.561,173.9,45,,151.6215091,,,13.41761688,144.27296,,157.6905769,,,146.9,147.6905769,146.9,3.677,,0.538173504,2.90E-05,
13.713,147.1,0.555,45.2,,,,,3.698,0.555,174.1,45.2,,151.8723159,,,13.48486779,144.4928,,157.9776678,,,147.1,147.9776678,147.1,3.698,,0.596647037,3.56E-05,
13.733,147.3,0.552,45.1,,,,,3.718,0.552,174.3,45.1,,151.9737416,,,13.46805132,144.60272,,158.0707713,,,147.3,148.0707713,147.3,3.718,,0.523266344,2.74E-05,
13.75,147.5,0.547,44.8,,,,,3.735,0.547,174.5,44.8,,152.1261489,,,13.40597621,144.78592,,158.1918962,,,147.5,148.1918962,147.5,3.735,,0.469082175,2.20E-05,
13.77,147.7,0.542,45.2,,,,,3.755,0.542,174.7,45.2,,152.3459129,,,13.52176465,144.96912,,158.4908847,,,147.7,148.4908847,147.7,3.755,,0.535466927,2.87E-05,
13.791,148,0.534,45.5,,,,,3.776,0.534,175,45.5,,152.6513402,,,13.62118001,145.26224,,158.88342,,,148,148.88342,148,3.776,,0.596905415,3.56E-05,
13.811,148.2,0.531,45.1,,,,,3.796,0.531,175.2,45.1,,152.7142504,,,13.52775798,145.37216,,158.899918,,,148.2,148.899918,148.2,3.796,,0.472279342,2.23E-05,
13.831,148.4,0.53,44.9,,,,,3.816,0.53,175.4,44.9,,152.7288113,,,13.47940081,145.4088,,158.8882008,,,148.4,148.8882008,148.4,3.816,,0.328976288,1.08E-05,
13.852,148.6,0.525,45.1,,,,,3.837,0.525,175.6,45.1,,152.911961,,,13.54503091,145.592,,159.1370309,,,148.6,149.1370309,148.6,3.837,,0.361393613,1.31E-05,
13.872,148.8,0.521,45.2,,,,,3.857,0.521,175.8,45.2,,153.0493711,,,13.58231144,145.73856,,159.3208714,,,148.8,149.3208714,148.8,3.857,,0.350048008,1.23E-05,
13.893,149.1,0.516,45.2,,,,,3.878,0.516,176.1,45.2,,153.2060305,,,13.596904,145.92176,,159.518664,,,149.1,149.518664,149.1,3.878,,0.2807941,7.88E-06,
13.91,149.3,0.512,45.2,,,,,3.895,0.512,176.3,45.2,,153.3284402,,,13.60862803,146.06832,,159.676948,,,149.3,149.676948,149.3,3.895,,0.25247691,6.37E-06,
13.93,149.5,0.508,45.4,,,,,3.915,0.508,176.5,45.4,,153.4648613,,,13.67213161,146.21488,,159.8870116,,,149.5,149.8870116,149.5,3.915,,0.258870642,6.70E-06,
13.95,149.7,0.505,45.3,,,,,3.935,0.505,176.7,45.3,,153.5446641,,,13.65517205,146.3248,,159.979972,,,149.7,149.979972,149.7,3.935,,0.187022076,3.50E-06,
13.971,149.9,0.501,44.9,,,,,3.956,0.501,176.9,44.9,,153.6279354,,,13.56306885,146.47136,,160.0344288,,,149.9,150.0344288,149.9,3.956,,0.089679019,8.04E-07,
13.991,150.1,0.498,45,,,,,3.976,0.498,177.1,45,,153.7211698,,,13.59792709,146.58128,,160.1792071,,,150.1,150.1792071,150.1,3.976,,0.052769549,2.78E-07,
14.011,150.3,0.492,45.4,,,,,3.996,0.492,177.3,45.4,,153.9177514,,,13.72012499,146.80112,,160.521245,,,150.3,150.521245,150.3,3.996,,0.147202256,2.17E-06,
14.033,150.5,0.488,45.2,,,,,4.018,0.488,177.5,45.2,,154.0101017,,,13.6799275,146.94768,,160.6276075,,,150.5,150.6276075,150.5,4.018,,0.084789039,7.19E-07,
14.053,150.7,0.484,44.9,,,,,4.038,0.484,177.7,44.9,,154.0934433,,,13.61319943,147.09424,,160.7074394,,,150.7,150.7074394,150.7,4.038,,0.004936581,2.44E-09,
14.069,150.9,0.482,44.9,,,,,4.054,0.482,177.9,44.9,,154.1453547,,,13.61915166,147.16752,,160.7866717,,,150.9,150.7866717,150.9,4.054,,-0.07510162,5.64E-07,
14.09,151.1,0.479,44.9,,,,,4.075,0.479,178.1,44.9,,154.22212,,,13.62810186,147.27744,,160.9055419,,,151.1,150.9055419,151.1,4.075,,-0.128694994,1.66E-06,
14.11,151.3,0.475,45,,,,,4.095,0.475,178.3,45,,154.3293144,,,13.66648512,147.424,,161.0904851,,,151.3,151.0904851,151.3,4.095,,-0.138476459,1.92E-06,
14.13,151.5,0.473,45,,,,,4.115,0.473,178.5,45,,154.378524,,,13.67252019,147.49728,,161.1698002,,,151.5,151.1698002,151.5,4.115,,-0.217953672,4.75E-06,
14.151,151.7,0.471,45.2,,,,,4.136,0.471,178.7,45.2,,154.4405477,,,13.73145539,147.57056,,161.3020154,,,151.7,151.3020154,151.7,4.136,,-0.262349778,6.88E-06,
14.172,151.9,0.466,45.4,,,,,4.157,0.466,178.9,45.4,,154.5721895,,,13.7997533,147.75376,,161.5535133,,,151.9,151.5535133,151.9,4.157,,-0.228101843,5.20E-06,
14.192,152.1,0.461,45.2,,,,,4.177,0.461,179.1,45.2,,154.6744912,,,13.76217789,147.93696,,161.6991379,,,152.1,151.6991379,152.1,4.177,,-0.263551683,6.95E-06,
14.212,152.2,0.459,44.8,,,,,4.197,0.459,179.2,44.8,,154.6947239,,,13.66178558,148.01024,,161.6720256,,,152.2,151.6720256,152.2,4.197,,-0.346895152,1.20E-05,
14.23,152.4,0.456,44.7,,,,,4.215,0.456,179.4,44.7,,154.7557274,,,13.64416685,148.12016,,161.7643269,,,152.4,151.7643269,152.4,4.215,,-0.417108364,1.74E-05,
14.249,152.6,0.454,44.9,,,,,4.234,0.454,179.6,44.9,,154.8119956,,,13.70373048,148.19344,,161.8971705,,,152.6,151.8971705,152.6,4.234,,-0.460569806,2.12E-05,
14.27,152.8,0.451,45,,,,,4.255,0.451,179.8,45,,154.8829179,,,13.73970978,148.30336,,162.0430698,,,152.8,152.0430698,152.8,4.255,,-0.495373179,2.45E-05,
14.291,153,0.45,45,,,,,4.276,0.45,180,45,,154.9042803,,,13.74279954,148.34,,162.0827995,,,153,152.0827995,153,4.276,,-0.599477426,3.59E-05,
14.311,153.1,0.448,45.1,,,,,4.296,0.448,180.1,45.1,,154.9524049,,,13.77579573,148.41328,,162.1890757,,,153.1,152.1890757,153.1,4.296,,-0.594986459,3.54E-05,
14.331,153.2,0.445,45.2,,,,,4.316,0.445,180.2,45.2,,155.0204736,,,13.81198968,148.5232,,162.3351897,,,153.2,152.3351897,153.2,4.316,,-0.564497598,3.19E-05,
14.352,153.4,0.443,45,,,,,4.337,0.443,180.4,45,,155.0501343,,,13.76451673,148.59648,,162.3609967,,,153.4,152.3609967,153.4,4.337,,-0.677316344,4.59E-05,
14.372,153.5,0.44,44.7,,,,,4.357,0.44,180.5,44.7,,155.0941227,,,13.6929779,148.7064,,162.3993779,,,153.5,152.3993779,153.5,4.357,,-0.717017653,5.14E-05,
14.388,153.6,0.439,44.7,,,,,4.373,0.439,180.6,44.7,,155.1141619,,,13.69605502,148.74304,,162.439095,,,153.6,152.439095,153.6,4.373,,-0.755797512,5.71E-05,
14.409,153.8,0.437,44.7,,,,,4.394,0.437,180.8,44.7,,155.153857,,,13.70221872,148.81632,,162.5185387,,,153.8,152.5185387,153.8,4.394,,-0.833199792,6.94E-05,
