time,length,pressure,force,time_contraction,pressure_contraction,length_contraction,force_contraction,time_extension,pressure_extension,length_extension,force_extension,estimated_contraction_length,estimated_extension_length,Estimated_Stretched_Length_Contraction,Estimated_Unstretched_Length_Contraction,Estimated_Stretched_Length_Extension,Estimated_Unstretched_Length_Extension,Estimated_Length_Contraction,Estimated_Length_Extension,real_length_contraction,Real_Estimated_Length_Contraction,real_length_extension,Real_Estimated_Length_Extension,real_length,time_elapsed,Error_Percentage_Contraction,Error_Percentage_Extension,,,
10.008,195.7,0.422,94.8,0,0.422,229.7,94.8,,,,,190.5124115,,24.50306926,190.62572,,,215.1287893,,194.7,196.1287893,,,194.7,0,0.733841448,,5.39E-05,,0.009885471
10.02,195.7,0.422,95.1,0.012,0.422,229.7,95.1,,,,,190.519274,,24.55483298,190.62572,,,215.180553,,194.7,196.180553,,,194.7,0.012,0.760427838,,5.78E-05,,
10.034,195.7,0.422,95.2,0.026,0.422,229.7,95.2,,,,,190.5215608,,24.57207499,190.62572,,,215.197795,,194.7,196.197795,,,194.7,0.026,0.769283513,,5.92E-05,,
10.046,195.7,0.422,95.4,0.038,0.422,229.7,95.4,,,,,190.5261333,,24.60654022,190.62572,,,215.2322602,,194.7,196.2322602,,,194.7,0.038,0.786985208,,6.19E-05,,
10.058,195.6,0.423,95.6,0.05,0.423,229.6,95.6,,,,,190.5167406,,24.61511724,190.58598,,,215.2010972,,194.6,196.2010972,,,194.6,0.05,0.822763207,,6.77E-05,,
10.07,195.6,0.424,95.8,0.062,0.424,229.6,95.8,,,,,190.5073006,,24.62366023,190.54624,,,215.1699002,,194.6,196.1699002,,,194.6,0.062,0.80673186,,6.51E-05,,
10.073,195.6,0.427,96.1,0.065,0.427,229.6,96.1,,,,,190.4716711,,24.59798493,190.42702,,,215.0250049,,194.6,196.0250049,,,194.6,0.065,0.732273844,,5.36E-05,,
10.096,195.6,0.429,96.5,0.088,0.429,229.6,96.5,,,,,190.4522953,,24.6150084,190.34754,,,214.9625484,,194.6,195.9625484,,,194.6,0.088,0.700179034,,4.90E-05,,
10.104,195.6,0.428,97.4,0.096,0.428,229.6,97.4,,,,,190.4878703,,24.79318157,190.38728,,,215.1804616,,194.6,196.1804616,,,194.6,0.096,0.812159096,,6.60E-05,,
10.115,195.6,0.433,98.4,0.107,0.433,229.6,98.4,,,,,190.4394402,,24.83317042,190.18858,,,215.0217504,,194.6,196.0217504,,,194.6,0.107,0.730601439,,5.34E-05,,
10.126,195.6,0.434,99.1,0.118,0.434,229.6,99.1,,,,,190.4416893,,24.92451301,190.14884,,,215.073353,,194.6,196.073353,,,194.6,0.118,0.757118705,,5.73E-05,,
10.138,195.6,0.437,100.3,0.13,0.437,229.6,100.3,,,,,190.4267676,,25.04671923,190.02962,,,215.0763392,,194.6,196.0763392,,,194.6,0.13,0.758653237,,5.76E-05,,
10.151,195.5,0.439,101.2,0.143,0.439,229.5,101.2,,,,,190.4192716,,25.14359821,189.95014,,,215.0937382,,194.5,196.0937382,,,194.5,0.143,0.819402674,,6.71E-05,,
10.163,195.4,0.44,102.6,0.155,0.44,229.4,102.6,,,,,190.4391248,,25.3469018,189.9104,,,215.2573018,,194.4,196.2573018,,,194.4,0.155,0.95540216,,9.13E-05,,
10.179,195.3,0.444,103.4,0.171,0.444,229.3,103.4,,,,,190.3994093,,25.37337975,189.75144,,,215.1248197,,194.3,196.1248197,,,194.3,0.171,0.939176377,,8.82E-05,,
10.2,195.1,0.448,103.8,0.192,0.448,229.1,103.8,,,,,190.348615,,25.33533788,189.59248,,,214.9278179,,194.1,195.9278179,,,194.1,0.192,0.941688769,,8.87E-05,,
10.221,194.9,0.451,104.9,0.213,0.451,228.9,104.9,,,,,190.3306297,,25.43471199,189.47326,,,214.907972,,193.9,195.907972,,,193.9,0.213,1.035570913,,1.07E-04,,
10.24,194.6,0.451,105.2,0.232,0.451,228.6,105.2,,,,,190.3384583,,25.4824206,189.47326,,,214.9556806,,193.6,195.9556806,,,193.6,0.232,1.216777169,,1.48E-04,,
10.258,194.2,0.455,104.9,0.25,0.455,228.2,104.9,,,,,190.2675527,,25.33367839,189.3143,,,214.6479784,,193.2,195.6479784,,,193.2,0.25,1.267069565,,1.61E-04,,
10.275,193.9,0.459,103.6,0.267,0.459,227.9,103.6,,,,,190.1677868,,25.02935006,189.15534,,,214.1846901,,192.9,195.1846901,,,192.9,0.267,1.184390928,,1.40E-04,,
10.298,193.5,0.465,102.5,0.29,0.465,227.5,102.5,,,,,190.0362287,,24.71213065,188.9169,,,213.6290307,,192.5,194.6290307,,,192.5,0.29,1.105989974,,1.22E-04,,
10.318,193.2,0.467,102.8,0.31,0.467,227.2,102.8,,,,,190.009922,,24.71206489,188.83742,,,213.5494849,,192.2,194.5494849,,,192.2,0.31,1.222416701,,1.49E-04,,
10.339,192.9,0.467,103.2,0.331,0.467,226.9,103.2,,,,,190.0211795,,24.77461757,188.83742,,,213.6120376,,191.9,194.6120376,,,191.9,0.331,1.413255654,,2.00E-04,,
10.359,192.6,0.475,103,0.351,0.475,226.6,103,,,,,189.8728251,,24.55765793,188.5195,,,213.0771579,,191.6,194.0771579,,,191.6,0.351,1.292879906,,1.67E-04,,
10.379,192.3,0.478,103.4,0.371,0.478,226.3,103.4,,,,,189.8294025,,24.5509122,188.40028,,,212.9511922,,191.3,193.9511922,,,191.3,0.371,1.385881965,,1.92E-04,,
10.4,192,0.481,103.4,0.392,0.481,226,103.4,,,,,189.7732811,,24.48309252,188.28106,,,212.7641525,,191,193.7641525,,,191,0.392,1.447200262,,2.09E-04,,
10.416,191.8,0.486,102.8,0.408,0.486,225.8,102.8,,,,,189.6589158,,24.28030969,188.08236,,,212.3626697,,190.8,193.3626697,,,190.8,0.408,1.343118291,,1.80E-04,,
10.437,191.5,0.49,102.9,0.429,0.49,225.5,102.9,,,,,189.5830195,,24.20816365,187.9234,,,212.1315637,,190.5,193.1315637,,,190.5,0.429,1.381398268,,1.91E-04,,
10.457,191.3,0.493,103.9,0.449,0.493,225.3,103.9,,,,,189.5546365,,24.29400652,187.80418,,,212.0981865,,190.3,193.0981865,,,190.3,0.449,1.47040804,,2.16E-04,,
10.478,191,0.498,103.9,0.47,0.498,225,103.9,,,,,189.452338,,24.18653759,187.60548,,,211.7920176,,190,192.7920176,,,190,0.47,1.469482947,,2.16E-04,,
10.498,190.7,0.503,104,0.49,0.503,224.7,104,,,,,189.3504247,,24.09569328,187.40678,,,211.5024733,,189.7,192.5024733,,,189.7,0.49,1.477318556,,2.18E-04,,
10.509,190.4,0.509,104,0.501,0.509,224.4,104,,,,,189.2201622,,23.97106331,187.16834,,,211.1394033,,189.4,192.1394033,,,189.4,0.501,1.446358659,,2.09E-04,,
10.54,190.1,0.512,104.1,0.532,0.512,224.1,104.1,,,,,189.1568881,,23.92431964,187.04912,,,210.9734396,,189.1,191.9734396,,,189.1,0.532,1.519534426,,2.31E-04,,
10.559,189.7,0.516,104.3,0.551,0.516,223.7,104.3,,,,,189.0733314,,23.872454,186.89016,,,210.762614,,188.7,191.762614,,,188.7,0.551,1.623006889,,2.63E-04,,
10.58,189.4,0.521,104.2,0.572,0.521,223.4,104.2,,,,,188.9534688,,23.75798751,186.69146,,,210.4494475,,188.4,191.4494475,,,188.4,0.572,1.618602707,,2.62E-04,,
10.597,189,0.523,103.8,0.589,0.523,223,103.8,,,,,188.8910437,,23.66064519,186.61198,,,210.2726252,,188,191.2726252,,,188,0.589,1.740758085,,3.03E-04,,
10.617,188.7,0.531,103.4,0.609,0.531,222.7,103.4,,,,,188.6796909,,23.44828104,186.29406,,,209.742341,,187.7,190.742341,,,187.7,0.609,1.620852957,,2.63E-04,,
10.637,188.4,0.537,103.3,0.629,0.537,222.4,103.3,,,,,188.5226789,,23.32070414,186.05562,,,209.3763241,,187.4,190.3763241,,,187.4,0.629,1.588219904,,2.52E-04,,
10.658,188.1,0.539,103.8,0.65,0.539,222.1,103.8,,,,,188.4911012,,23.35445174,185.97614,,,209.3305917,,187.1,190.3305917,,,187.1,0.65,1.726665794,,2.98E-04,,
10.679,187.8,0.543,103.8,0.671,0.543,221.8,103.8,,,,,188.3855954,,23.28024537,185.81718,,,209.0974254,,186.8,190.0974254,,,186.8,0.671,1.765217024,,3.12E-04,,
10.699,187.5,0.55,103.5,0.691,0.55,221.5,103.5,,,,,188.1823872,,23.11047963,185.539,,,208.6494796,,186.5,189.6494796,,,186.5,0.691,1.688729008,,2.85E-04,,
10.719,187.2,0.554,103.4,0.711,0.554,221.2,103.4,,,,,188.0658006,,23.02492769,185.38004,,,208.4049677,,186.2,189.4049677,,,186.2,0.711,1.721250107,,2.96E-04,,
10.74,187,0.558,103.8,0.732,0.558,221,103.8,,,,,187.9694553,,23.00982915,185.22108,,,208.2309091,,186,189.2309091,,,186,0.732,1.737047903,,3.02E-04,,
10.757,186.7,0.564,103.8,0.749,0.564,220.7,103.8,,,,,187.7936777,,22.90499449,184.98264,,,207.8876345,,185.7,188.8876345,,,185.7,0.749,1.716550619,,2.95E-04,,
10.777,186.4,0.569,103.9,0.769,0.569,220.4,103.9,,,,,187.6478365,,22.83273762,184.78394,,,207.6166776,,185.4,188.6166776,,,185.4,0.769,1.734993312,,3.01E-04,,
10.797,186.2,0.574,104.1,0.789,0.574,220.2,104.1,,,,,187.5033304,,22.77518723,184.58524,,,207.3604272,,185.2,188.3604272,,,185.2,0.789,1.706494168,,2.91E-04,,
10.818,185.9,0.578,104.3,0.81,0.578,219.9,104.3,,,,,187.387287,,22.73521233,184.42628,,,207.1614923,,184.9,188.1614923,,,184.9,0.81,1.763922282,,3.11E-04,,
10.838,185.6,0.585,104.5,0.83,0.585,219.6,104.5,,,,,187.1712432,,22.64630982,184.1481,,,206.7944098,,184.6,187.7944098,,,184.6,0.83,1.730449512,,2.99E-04,,
10.858,185.3,0.588,104.2,0.85,0.588,219.3,104.2,,,,,187.055963,,22.55706508,184.02888,,,206.5859451,,184.3,187.5859451,,,184.3,0.85,1.782932773,,3.18E-04,,
10.875,185,0.594,104.1,0.867,0.594,219,104.1,,,,,186.8468608,,22.44716528,183.79044,,,206.2376053,,184,187.2376053,,,184,0.867,1.759568098,,3.10E-04,,
10.892,184.8,0.598,104,0.884,0.598,218.8,104,,,,,186.7020541,,22.37044284,183.63148,,,206.0019228,,183.8,187.0019228,,,183.8,0.884,1.742068988,,3.03E-04,,
10.917,184.5,0.603,103.9,0.909,0.603,218.5,103.9,,,,,186.5183403,,22.2789632,183.43278,,,205.7117432,,183.5,186.7117432,,,183.5,0.909,1.750268774,,3.06E-04,,
10.924,184.3,0.609,104,0.916,0.609,218.3,104,,,,,186.3049315,,22.19967155,183.19434,,,205.3940115,,183.3,186.3940115,,,183.3,0.916,1.687949536,,2.85E-04,,
10.959,184,0.615,103.9,0.951,0.615,218,103.9,,,,,186.0733053,,22.09557224,182.9559,,,205.0514722,,183,186.0514722,,,183,0.951,1.667471148,,2.78E-04,,
10.976,183.8,0.622,104.2,0.968,0.622,217.8,104.2,,,,,185.8210501,,22.03018787,182.67772,,,204.7079079,,182.8,185.7079079,,,182.8,0.968,1.590759245,,2.53E-04,,
10.999,183.5,0.625,104.8,0.991,0.625,217.5,104.8,,,,,185.7409506,,22.06341832,182.5585,,,204.6219183,,182.5,185.6219183,,,182.5,0.991,1.710640164,,2.93E-04,,
11.018,183.2,0.629,104.3,1.01,0.629,217.2,104.3,,,,,185.5480855,,21.94040449,182.39954,,,204.3399445,,182.2,185.3399445,,,182.2,1.01,1.723350439,,2.97E-04,,
11.038,183,0.632,104.2,1.03,0.632,217,104.2,,,,,185.4189375,,21.88410672,182.28032,,,204.1644267,,182,185.1644267,,,182,1.03,1.738695989,,3.02E-04,,
11.059,182.7,0.64,103.9,1.051,0.64,216.7,103.9,,,,,185.0629654,,21.73168961,181.9624,,,203.6940896,,181.7,184.6940896,,,181.7,1.051,1.647820363,,2.72E-04,,
11.075,182.5,0.646,104.2,1.067,0.646,216.5,104.2,,,,,184.8246556,,21.68582967,181.72396,,,203.4097897,,181.5,184.4097897,,,181.5,1.067,1.603189917,,2.57E-04,,
11.096,182.3,0.648,103.9,1.088,0.648,216.3,103.9,,,,,184.71493,,21.62011384,181.64448,,,203.2645938,,181.3,184.2645938,,,181.3,1.088,1.635186873,,2.67E-04,,
11.116,182,0.653,103.9,1.108,0.653,216,103.9,,,,,184.4911151,,21.55151517,181.44578,,,202.9972952,,181,183.9972952,,,181,1.108,1.655964199,,2.74E-04,,
11.137,181.9,0.657,103.6,1.129,0.657,215.9,103.6,,,,,184.2856914,,21.45955298,181.28682,,,202.746373,,180.9,183.746373,,,180.9,1.129,1.573451078,,2.48E-04,,
11.157,181.7,0.662,103.4,1.149,0.662,215.7,103.4,,,,,184.0367821,,21.36760215,181.08812,,,202.4557221,,180.7,183.4557221,,,180.7,1.149,1.525026065,,2.33E-04,,
11.178,181.5,0.666,103.5,1.17,0.666,215.5,103.5,,,,,183.8542186,,21.32723818,180.92916,,,202.2563982,,180.5,183.2563982,,,180.5,1.17,1.527090416,,2.33E-04,,
11.199,181.4,0.671,104.1,1.191,0.671,215.4,104.1,,,,,183.6604737,,21.33629351,180.73046,,,202.0667535,,180.4,183.0667535,,,180.4,1.191,1.478244734,,2.19E-04,,
11.219,181.2,0.676,104.8,1.211,0.676,215.2,104.8,,,,,183.4718196,,21.35760658,180.53176,,,201.8893666,,180.2,182.8893666,,,180.2,1.211,1.492434295,,2.23E-04,,
11.235,181,0.681,104.9,1.227,0.681,215,104.9,,,,,183.2298808,,21.30533438,180.33306,,,201.6383944,,180,182.6383944,,,180,1.227,1.465774667,,2.15E-04,,
11.255,180.7,0.688,104.9,1.247,0.688,214.7,104.9,,,,,182.8708347,,21.21622599,180.05488,,,201.271106,,179.7,182.271106,,,179.7,1.247,1.43077685,,2.05E-04,,
11.277,180.5,0.691,104.8,1.269,0.691,214.5,104.8,,,,,182.7049451,,21.16634851,179.93566,,,201.1020085,,179.5,182.1020085,,,179.5,1.269,1.449586908,,2.10E-04,,
11.297,180.3,0.695,104.3,1.289,0.695,214.3,104.3,,,,,182.44724,,21.05591634,179.7767,,,200.8326163,,179.3,181.8326163,,,179.3,1.289,1.412502119,,2.00E-04,,
11.314,180.1,0.698,103.9,1.306,0.698,214.1,103.9,,,,,182.2481249,,20.97055536,179.65748,,,200.6280354,,179.1,181.6280354,,,179.1,1.306,1.41152172,,1.99E-04,,
11.332,179.9,0.703,103.6,1.324,0.703,213.9,103.6,,,,,181.9440203,,20.87355157,179.45878,,,200.3323316,,178.9,181.3323316,,,178.9,1.324,1.359604025,,1.85E-04,,
11.355,179.8,0.708,103.6,1.347,0.708,213.8,103.6,,,,,181.6620697,,20.81362093,179.26008,,,200.0737009,,178.8,181.0737009,,,178.8,1.347,1.271644799,,1.62E-04,,
11.372,179.6,0.712,103.6,1.364,0.712,213.6,103.6,,,,,181.4324738,,20.76617204,179.10112,,,199.867292,,178.6,180.867292,,,178.6,1.364,1.269480403,,1.61E-04,,
11.396,179.5,0.715,103.8,1.388,0.715,213.5,103.8,,,,,181.2778469,,20.75478511,178.9819,,,199.7366851,,178.5,180.7366851,,,178.5,1.388,1.253044874,,1.57E-04,,
11.412,179.4,0.719,104,1.404,0.719,213.4,104,,,,,181.0625029,,20.73183048,178.82294,,,199.5547705,,178.4,180.5547705,,,178.4,1.404,1.207830998,,1.46E-04,,
11.438,179.3,0.724,104.1,1.43,0.724,213.3,104.1,,,,,180.7736188,,20.68571792,178.62424,,,199.3099579,,178.3,180.3099579,,,178.3,1.43,1.127289905,,1.27E-04,,
11.458,179.1,0.728,104.3,1.45,0.728,213.1,104.3,,,,,180.5512532,,20.66339241,178.46528,,,199.1286724,,178.1,180.1286724,,,178.1,1.45,1.139063672,,1.30E-04,,
11.477,179,0.729,104.6,1.469,0.729,213,104.6,,,,,180.5214664,,20.68731071,178.42554,,,199.1128507,,178,180.1128507,,,178,1.469,1.186994775,,1.41E-04,,
11.497,178.8,0.735,104.3,1.489,0.735,212.8,104.3,,,,,180.1169953,,20.5838506,178.1871,,,198.7709506,,177.8,179.7709506,,,177.8,1.489,1.108521147,,1.23E-04,,
11.518,178.7,0.739,104.2,1.51,0.739,212.7,104.2,,,,,179.8526446,,20.52724947,178.02814,,,198.5553895,,177.7,179.5553895,,,177.7,1.51,1.044113393,,1.09E-04,,
11.534,178.5,0.741,104.1,1.526,0.741,212.5,104.1,,,,,179.7133362,,20.49327787,177.94866,,,198.4419379,,177.5,179.4419379,,,177.5,1.526,1.094049521,,1.20E-04,,
11.555,178.4,0.745,104,1.547,0.745,212.4,104,,,,,179.4425509,,20.43738625,177.7897,,,198.2270862,,177.4,179.2270862,,,177.4,1.547,1.029924577,,1.06E-04,,
11.576,178.3,0.75,103.7,1.568,0.75,212.3,103.7,,,,,179.0777857,,20.34781336,177.591,,,197.9388134,,177.3,178.9388134,,,177.3,1.568,0.924316638,,8.54E-05,,
11.596,178.2,0.752,103.7,1.588,0.752,212.2,103.7,,,,,178.9437699,,20.32615273,177.51152,,,197.8376727,,177.2,178.8376727,,,177.2,1.588,0.924194526,,8.54E-05,,
11.617,178.1,0.754,103.7,1.609,0.754,212.1,103.7,,,,,178.8087695,,20.30458628,177.43204,,,197.7366263,,177.1,178.7366263,,,177.1,1.609,0.924125522,,8.54E-05,,
11.637,178,0.758,103.7,1.629,0.758,212,103.7,,,,,178.5357992,,20.2617333,177.27308,,,197.5348133,,177,178.5348133,,,177,1.629,0.867126158,,7.52E-05,,
11.657,177.9,0.761,103.6,1.649,0.761,211.9,103.6,,,,,178.3163141,,20.21829966,177.15386,,,197.3721597,,176.9,178.3721597,,,176.9,1.649,0.832198813,,6.93E-05,,
11.678,177.8,0.764,103.7,1.67,0.764,211.8,103.7,,,,,178.1188602,,20.1981442,177.03464,,,197.2327842,,176.8,178.2327842,,,176.8,1.67,0.810398303,,6.57E-05,,
11.694,177.7,0.767,103.9,1.686,0.767,211.7,103.9,,,,,177.931844,,20.18961003,176.91542,,,197.10503,,176.7,178.10503,,,176.7,1.686,0.795149972,,6.32E-05,,
11.715,177.6,0.768,104.1,1.707,0.768,211.6,104.1,,,,,177.885714,,20.20205906,176.87568,,,197.0777391,,176.6,178.0777391,,,176.6,1.707,0.836771857,,7.00E-05,,
11.735,177.5,0.772,104.2,1.727,0.772,211.5,104.2,,,,,177.6121001,,20.17175725,176.71672,,,196.8884772,,176.5,177.8884772,,,176.5,1.727,0.786672635,,6.19E-05,,
11.754,177.4,0.774,104,1.746,0.774,211.4,104,,,,,177.4420661,,20.12820781,176.63724,,,196.7654478,,176.4,177.7654478,,,176.4,1.746,0.774063379,,5.99E-05,,
11.777,177.3,0.776,103.9,1.769,0.776,211.3,103.9,,,,,177.2834177,,20.09619223,176.55776,,,196.6539522,,176.3,177.6539522,,,176.3,1.769,0.767981963,,5.90E-05,,
11.795,177.2,0.779,103.8,1.787,0.779,211.2,103.8,,,,,177.0496186,,20.05407397,176.43854,,,196.492614,,176.2,177.492614,,,176.2,1.787,0.733606129,,5.38E-05,,
11.814,177.2,0.781,103.5,1.806,0.781,211.2,103.5,,,,,176.8615423,,19.99960281,176.35906,,,196.3586628,,176.2,177.3586628,,,176.2,1.806,0.657583882,,4.32E-05,,
11.836,177.1,0.783,103.4,1.828,0.783,211.1,103.4,,,,,176.6983087,,19.96800625,176.27958,,,196.2475863,,176.1,177.2475863,,,176.1,1.828,0.651667405,,4.25E-05,,
11.855,177,0.785,103.4,1.847,0.785,211,103.4,,,,,176.547222,,19.94787045,176.2001,,,196.1479704,,176,177.1479704,,,176,1.847,0.652255909,,4.25E-05,,
11.874,177,0.785,103.3,1.866,0.785,211,103.3,,,,,176.5338022,,19.93652254,176.2001,,,196.1366225,,176,177.1366225,,,176,1.866,0.645808239,,4.17E-05,,
11.895,176.9,0.789,103.3,1.887,0.789,210.9,103.3,,,,,176.2282567,,19.89653549,176.04114,,,195.9376755,,175.9,176.9376755,,,175.9,1.887,0.589923536,,3.48E-05,,
11.916,176.9,0.79,103.3,1.908,0.79,210.9,103.3,,,,,176.1512089,,19.88659073,176.0014,,,195.8879907,,175.9,176.8879907,,,175.9,1.908,0.561677487,,3.15E-05,,
11.935,176.8,0.791,103.4,1.927,0.791,210.8,103.4,,,,,176.0876357,,19.88796546,175.96166,,,195.8496255,,175.8,176.8496255,,,175.8,1.927,0.597056598,,3.56E-05,,
11.956,176.8,0.792,103.4,1.948,0.792,210.8,103.4,,,,,176.0101102,,19.87805385,175.92192,,,195.7999738,,175.8,176.7999738,,,175.8,1.948,0.568813311,,3.24E-05,,
11.977,176.8,0.793,103.5,1.969,0.793,210.8,103.5,,,,,175.9461514,,19.8794405,175.88218,,,195.7616205,,175.8,176.7616205,,,175.8,1.969,0.546996871,,2.99E-05,,
11.997,176.7,0.796,103.6,1.989,0.796,210.7,103.6,,,,,175.7253154,,19.86111444,175.76296,,,195.6240744,,175.7,176.6240744,,,175.7,1.989,0.525938759,,2.77E-05,,
12.014,176.7,0.796,103.7,2.006,0.796,210.7,103.7,,,,,175.7392816,,19.87235822,175.76296,,,195.6353182,,175.7,176.6353182,,,175.7,2.006,0.53233819,,2.83E-05,,
12.034,176.6,0.797,103.6,2.026,0.797,210.6,103.6,,,,,175.6465616,,19.85128889,175.72322,,,195.5745089,,175.6,176.5745089,,,175.6,2.026,0.55495951,,3.08E-05,,
12.054,176.6,0.798,103.4,2.046,0.798,210.6,103.4,,,,,175.5393449,,19.8190135,175.68348,,,195.5024935,,175.6,176.5024935,,,175.6,2.046,0.513948462,,2.64E-05,,
12.075,176.5,0.8,103.3,2.067,0.8,210.5,103.3,,,,,175.3660444,,19.78826896,175.604,,,195.392269,,175.5,176.392269,,,175.5,2.067,0.508415385,,2.58E-05,,
12.095,176.5,0.798,103.3,2.087,0.798,210.5,103.3,,,,,175.5252256,,19.80777114,175.68348,,,195.4912511,,175.5,176.4912511,,,175.5,2.087,0.564815442,,3.19E-05,,
12.116,176.5,0.801,103.1,2.108,0.801,210.5,103.1,,,,,175.2574359,,19.75609642,175.56426,,,195.3203564,,175.5,176.3203564,,,175.5,2.108,0.467439544,,2.18E-05,,
12.137,176.5,0.801,103.1,2.129,0.801,210.5,103.1,,,,,175.2574359,,19.75609642,175.56426,,,195.3203564,,175.5,176.3203564,,,175.5,2.129,0.467439544,,2.18E-05,,
12.153,176.5,0.801,103.1,2.145,0.801,210.5,103.1,,,,,175.2574359,,19.75609642,175.56426,,,195.3203564,,175.5,176.3203564,,,175.5,2.145,0.467439544,,2.18E-05,,
12.174,176.5,0.802,103.2,2.166,0.802,210.5,103.2,,,,,175.1914274,,19.75763147,175.52452,,,195.2821515,,175.5,176.2821515,,,175.5,2.166,0.44567037,,1.99E-05,,
12.194,176.5,0.802,103.3,,,,,2.186,0.802,210.5,103.3,,172.5150117,,,17.10470543,175.52452,,192.6292254,,,175.5,173.6292254,175.5,2.186,,-1.065968433,0.000113629,,
12.214,176.5,0.801,103.3,,,,,2.206,0.801,210.5,103.3,,172.6112789,,,17.11238266,175.56426,,192.6766427,,,175.5,173.6766427,175.5,2.206,,-1.038950028,0.000107942,,
12.236,176.4,0.801,103.3,,,,,2.228,0.801,210.4,103.3,,172.6112789,,,17.11238266,175.56426,,192.6766427,,,175.4,173.6766427,175.4,2.228,,-0.982529818,9.65365E-05,,
12.257,176.4,0.801,103.1,,,,,2.249,0.801,210.4,103.1,,172.5811051,,,17.08880229,175.56426,,192.6530623,,,175.4,173.6530623,175.4,2.249,,-0.995973603,9.91963E-05,,
12.276,176.4,0.802,103,,,,,2.268,0.802,210.4,103,,172.4695828,,,17.06935151,175.52452,,192.5938715,,,175.4,173.5938715,175.4,2.268,,-1.029719783,0.000106032,,
12.296,176.4,0.801,103,,,,,2.288,0.801,210.4,103,,172.5660028,,,17.07700578,175.56426,,192.6412658,,,175.4,173.6412658,175.4,2.288,,-1.002699088,0.000100541,,
12.313,176.4,0.801,103,,,,,2.305,0.801,210.4,103,,172.5660028,,,17.07700578,175.56426,,192.6412658,,,175.4,173.6412658,175.4,2.305,,-1.002699088,0.000100541,,
12.333,176.4,0.8,103,,,,,2.325,0.8,210.4,103,,172.6621169,,,17.08467145,175.604,,192.6886715,,,175.4,173.6886715,175.4,2.325,,-0.975671893,9.51936E-05,,
12.353,176.4,0.8,102.8,,,,,2.345,0.8,210.4,102.8,,172.6319834,,,17.06105041,175.604,,192.6650504,,,175.4,173.6650504,175.4,2.345,,-0.989138883,9.78396E-05,,
12.375,176.4,0.798,102.6,,,,,2.367,0.798,210.4,102.6,,172.7935278,,,17.05271657,175.68348,,192.7361966,,,175.4,173.7361966,175.4,2.367,,-0.948576625,8.99798E-05,,
12.394,176.4,0.797,102.4,,,,,2.386,0.797,210.4,102.4,,172.8590191,,,17.0366846,175.72322,,192.7599046,,,175.4,173.7599046,175.4,2.386,,-0.935060091,8.74337E-05,,
12.415,176.4,0.796,102.2,,,,,2.407,0.796,210.4,102.2,,172.9243679,,,17.02061612,175.76296,,192.7835761,,,175.4,173.7835761,175.4,2.407,,-0.921564367,8.49281E-05,,
12.435,176.4,0.796,102,,,,,2.427,0.796,210.4,102,,172.8944766,,,16.99686535,175.76296,,192.7598254,,,175.4,173.7598254,175.4,2.427,,-0.935105245,8.74422E-05,,
12.456,176.4,0.795,101.7,,,,,2.448,0.795,210.4,101.7,,172.9448126,,,16.96882948,175.8027,,192.7715295,,,175.4,173.7715295,175.4,2.448,,-0.92843244,8.61987E-05,,
12.473,176.5,0.792,101.5,,,,,2.465,0.792,210.5,101.5,,173.1991505,,,16.9679093,175.92192,,192.8898293,,,175.5,173.8898293,175.5,2.465,,-0.917476182,8.41763E-05,,
12.493,176.5,0.79,101.1,,,,,2.485,0.79,210.5,101.1,,173.3282257,,,16.93539967,176.0014,,192.9367997,,,175.5,173.9367997,175.5,2.485,,-0.890712422,7.93369E-05,,
12.514,176.5,0.789,100.7,,,,,2.506,0.789,210.5,100.7,,173.3631016,,,16.89511684,176.04114,,192.9362568,,,175.5,173.9362568,175.5,2.506,,-0.891021766,7.9392E-05,,
12.534,176.5,0.786,100.4,,,,,2.526,0.786,210.5,100.4,,173.5993,,,16.88196174,176.16036,,193.0423217,,,175.5,174.0423217,175.5,2.526,,-0.830585926,6.89873E-05,,
12.554,176.5,0.785,100,,,,,2.546,0.785,210.5,100,,173.6338415,,,16.84142101,176.2001,,193.041521,,,175.5,174.041521,175.5,2.546,,-0.831042165,6.90631E-05,,
12.575,176.5,0.784,99.5,,,,,2.567,0.784,210.5,99.5,,173.6537205,,,16.78867736,176.23984,,193.0285174,,,175.5,174.0285174,175.5,2.567,,-0.838451624,7.03001E-05,,
12.595,176.5,0.781,99.1,,,,,2.587,0.781,210.5,99.1,,173.8731098,,,16.76300861,176.35906,,193.1220686,,,175.5,174.1220686,175.5,2.587,,-0.785146097,6.16454E-05,,
12.616,176.5,0.779,98.6,,,,,2.608,0.779,210.5,98.6,,173.984766,,,16.71743939,176.43854,,193.1559794,,,175.5,174.1559794,175.5,2.608,,-0.765823704,5.86486E-05,,
12.636,176.5,0.776,98.1,,,,,2.628,0.776,210.5,98.1,,174.1873069,,,16.67919688,176.55776,,193.2369569,,,175.5,174.2369569,175.5,2.628,,-0.719682678,5.17943E-05,,
12.653,176.5,0.774,97.6,,,,,2.645,0.774,210.5,97.6,,174.2977154,,,16.63315394,176.63724,,193.2703939,,,175.5,174.2703939,175.5,2.645,,-0.700630256,4.90883E-05,,
12.674,176.5,0.772,97,,,,,2.666,0.772,210.5,97,,174.3934204,,,16.57459066,176.71672,,193.2913107,,,175.5,174.2913107,175.5,2.666,,-0.688711852,4.74324E-05,,
12.695,176.5,0.769,96.4,,,,,2.687,0.769,210.5,96.4,,174.5788646,,,16.52320707,176.83594,,193.3591471,,,175.5,174.3591471,175.5,2.687,,-0.650058632,4.22576E-05,,
12.719,176.6,0.767,95.9,,,,,2.711,0.767,210.6,95.9,,174.6876835,,,16.47636997,176.91542,,193.39179,,,175.6,174.39179,175.6,2.711,,-0.688046697,4.73408E-05,,
12.736,176.6,0.764,95.5,,,,,2.728,0.764,210.6,95.5,,174.8991946,,,16.44919608,177.03464,,193.4838361,,,175.6,174.4838361,175.6,2.728,,-0.635628645,4.04024E-05,,
12.755,176.7,0.762,95.1,,,,,2.747,0.762,210.7,95.1,,175.020696,,,16.41437177,177.11412,,193.5284918,,,175.7,174.5284918,175.7,2.747,,-0.666766192,4.44577E-05,,
12.775,176.7,0.758,94.9,,,,,2.767,0.758,210.7,94.9,,175.3449232,,,16.4193524,177.27308,,193.6924324,,,175.7,174.6924324,175.7,2.767,,-0.573459078,3.28855E-05,,
12.792,176.8,0.757,94.7,,,,,2.784,0.757,210.8,94.7,,175.4047471,,,16.40182201,177.31282,,193.714642,,,175.8,174.714642,175.8,2.784,,-0.617382253,3.81161E-05,,
12.812,176.9,0.753,94.6,,,,,2.804,0.753,210.9,94.6,,175.7379023,,,16.41933974,177.47178,,193.8911197,,,175.9,174.8911197,175.9,2.804,,-0.573553326,3.28963E-05,,
12.834,177,0.752,94.6,,,,,2.826,0.752,211,94.6,,175.8239051,,,16.42687951,177.51152,,193.9383995,,,176,174.9383995,176,2.826,,-0.603182102,3.63829E-05,,
12.846,177,0.75,94.6,,,,,2.838,0.75,211,94.6,,175.9950439,,,16.44199385,177.591,,194.0329938,,,176,175.0329938,176,2.838,,-0.549435341,3.01879E-05,,
12.872,177.1,0.747,94.6,,,,,2.864,0.747,211.1,94.6,,176.2495923,,,16.46475287,177.71022,,194.1749729,,,176.1,175.1749729,176.1,2.864,,-0.525285122,2.75924E-05,,
12.895,177.2,0.743,94.7,,,,,2.887,0.743,211.2,94.7,,176.5980639,,,16.50790862,177.86918,,194.3770886,,,176.2,175.3770886,176.2,2.887,,-0.467032577,2.18119E-05,,
12.915,177.2,0.742,94.5,,,,,2.907,0.742,211.2,94.5,,176.6550678,,,16.49026109,177.90892,,194.3991811,,,176.2,175.3991811,176.2,2.907,,-0.454494268,2.06565E-05,,
12.935,177.3,0.739,94.3,,,,,2.927,0.739,211.3,94.3,,176.8770719,,,16.48789346,178.02814,,194.5160335,,,176.3,175.5160335,176.3,2.927,,-0.444677538,1.97738E-05,,
12.955,177.4,0.731,93.9,,,,,2.947,0.731,211.4,93.9,,177.4760391,,,16.49855338,178.34606,,194.8446134,,,176.4,175.8446134,176.4,2.947,,-0.314845011,9.91274E-06,,
12.972,177.5,0.728,93.4,,,,,2.964,0.728,211.5,93.4,,177.6530732,,,16.45768279,178.46528,,194.9229628,,,176.5,175.9229628,176.5,2.964,,-0.326933258,1.06885E-05,,
12.993,177.7,0.725,93.1,,,,,2.985,0.725,211.7,93.1,,177.8535554,,,16.44230046,178.5845,,195.0268005,,,176.7,176.0268005,176.7,2.985,,-0.380984437,1.45149E-05,,
13.013,177.9,0.721,93.1,,,,,3.005,0.721,211.9,93.1,,178.1670428,,,16.47334194,178.74346,,195.2168019,,,176.9,176.2168019,176.9,3.005,,-0.386205822,1.49155E-05,,
13.034,178.1,0.717,93.5,,,,,3.026,0.717,212.1,93.5,,178.5241491,,,16.55634993,178.90242,,195.4587699,,,177.1,176.4587699,177.1,3.026,,-0.362072332,1.31096E-05,,
13.055,178.3,0.712,93.9,,,,,3.047,0.712,212.3,93.9,,178.9504459,,,16.6477409,179.10112,,195.7488609,,,177.3,176.7488609,177.3,3.047,,-0.310851156,9.66284E-06,,
13.075,178.4,0.707,93.9,,,,,3.067,0.707,212.4,93.9,,179.32213,,,16.68776249,179.29982,,195.9875825,,,177.4,176.9875825,177.4,3.067,,-0.232478861,5.40464E-06,,
13.095,178.6,0.703,94,,,,,3.087,0.703,212.6,94,,179.62599,,,16.73305562,179.45878,,196.1918356,,,177.6,177.1918356,177.6,3.087,,-0.229822297,5.28183E-06,,
13.112,178.7,0.698,94,,,,,3.104,0.698,212.7,94,,179.9854834,,,16.77371601,179.65748,,196.431196,,,177.7,177.431196,177.7,3.104,,-0.15126843,2.28821E-06,,
13.132,178.9,0.695,94.1,,,,,3.124,0.695,212.9,94.1,,180.2089937,,,16.81138563,179.7767,,196.5880856,,,177.9,177.5880856,177.9,3.124,,-0.17533131,3.07411E-06,,
13.152,179,0.69,93.8,,,,,3.144,0.69,213,93.8,,180.5255202,,,16.81313767,179.9754,,196.7885377,,,178,177.7885377,178,3.144,,-0.118799045,1.41132E-06,,
13.173,179.2,0.684,93.5,,,,,3.165,0.684,213.2,93.5,,180.9047384,,,16.82319922,180.21384,,197.0370392,,,178.2,178.0370392,178.2,3.165,,-0.09144826,8.36278E-07,,
13.194,179.3,0.679,93.1,,,,,3.186,0.679,213.3,93.1,,181.1992712,,,16.81169499,180.41254,,197.224235,,,178.3,178.224235,178.3,3.186,,-0.042492989,1.80565E-07,,
13.214,179.5,0.674,92.9,,,,,3.206,0.674,213.5,92.9,,181.5093703,,,16.82682456,180.61124,,197.4380646,,,178.5,178.4380646,178.5,3.206,,-0.034697703,1.20393E-07,,
13.235,179.7,0.67,92.9,,,,,3.227,0.67,213.7,92.9,,181.769525,,,16.86049552,180.7702,,197.6306955,,,178.7,178.6306955,178.7,3.227,,-0.038782597,1.50409E-07,,
13.251,179.9,0.664,92.8,,,,,3.243,0.664,213.9,92.8,,182.1425135,,,16.89795516,181.00864,,197.9065952,,,178.9,178.9065952,178.9,3.243,,0.003686529,1.35905E-09,,
13.271,180.2,0.659,92.7,,,,,3.263,0.659,214.2,92.7,,182.4453234,,,16.92721904,181.20734,,198.134559,,,179.2,179.134559,179.2,3.263,,-0.036518415,1.33359E-07,,
13.288,180.4,0.655,92.9,,,,,3.28,0.655,214.4,92.9,,182.7098384,,,16.98883588,181.3663,,198.3551359,,,179.4,179.3551359,179.4,3.28,,-0.02500786,6.25393E-08,,
13.313,180.7,0.649,93.4,,,,,3.305,0.649,214.7,93.4,,183.1164242,,,17.10922575,181.60474,,198.7139658,,,179.7,179.7139658,179.7,3.305,,0.007771731,6.03998E-09,,
13.333,180.9,0.644,93.7,,,,,3.325,0.644,214.9,93.7,,183.4363632,,,17.19445298,181.80344,,198.997893,,,179.9,179.997893,179.9,3.325,,0.054415231,2.96102E-07,,
13.354,181.1,0.64,93.7,,,,,3.346,0.64,215.1,93.7,,183.6661666,,,17.23027216,181.9624,,199.1926722,,,180.1,180.1926722,180.1,3.346,,0.051455969,2.64772E-07,,
13.374,181.3,0.635,93.7,,,,,3.366,0.635,215.3,93.7,,183.9481728,,,17.27540768,182.1611,,199.4365077,,,180.3,180.4365077,180.3,3.366,,0.075711425,5.73222E-07,,
13.394,181.4,0.631,93.3,,,,,3.386,0.631,215.4,93.3,,184.1358175,,,17.25659971,182.32006,,199.5766597,,,180.4,180.5766597,180.4,3.386,,0.097926663,9.58963E-07,,
13.414,181.6,0.625,92.9,,,,,3.406,0.625,215.6,92.9,,184.4289829,,,17.25587183,182.5585,,199.8143718,,,180.6,180.8143718,180.6,3.406,,0.118699779,1.40896E-06,,
13.43,181.8,0.621,92.4,,,,,3.422,0.621,215.8,92.4,,184.6017857,,,17.22279289,182.71746,,199.9402529,,,180.8,180.9402529,180.8,3.422,,0.077573507,6.01765E-07,,
13.451,182,0.616,92.2,,,,,3.443,0.616,216,92.2,,184.8485571,,,17.24070264,182.91616,,200.1568626,,,181,181.1568626,181,3.443,,0.08666442,7.51072E-07,,
13.472,182.3,0.611,92.5,,,,,3.464,0.611,216.3,92.5,,185.1295029,,,17.32924584,183.11486,,200.4441058,,,181.3,181.4441058,181.3,3.464,,0.079484721,6.31782E-07,,
13.492,182.6,0.604,92.6,,,,,3.484,0.604,216.6,92.6,,185.4876276,,,17.40917472,183.39304,,200.8022147,,,181.6,181.8022147,181.6,3.484,,0.111351707,1.23992E-06,,
13.512,182.8,0.602,92.5,,,,,3.504,0.602,216.8,92.5,,185.5782919,,,17.41396378,183.47252,,200.8864838,,,181.8,181.8864838,181.8,3.504,,0.047570847,2.26299E-07,,
13.533,183.1,0.594,92.5,,,,,3.525,0.594,217.1,92.5,,185.9625595,,,17.49048274,183.79044,,201.2809227,,,182.1,182.2809227,182.1,3.525,,0.099353487,9.87112E-07,,
13.554,183.4,0.591,92.7,,,,,3.546,0.591,217.4,92.7,,186.1173612,,,17.54811197,183.90966,,201.457772,,,182.4,182.457772,182.4,3.546,,0.031673246,1.00319E-07,,
13.574,183.7,0.585,92.8,,,,,3.566,0.585,217.7,92.8,,186.3994064,,,17.62114159,184.1481,,201.7692416,,,182.7,182.7692416,182.7,3.566,,0.03789907,1.43634E-07,,
13.59,183.9,0.582,93.2,,,,,3.582,0.582,217.9,93.2,,186.5612154,,,17.70839917,184.26732,,201.9757192,,,182.9,182.9757192,182.9,3.582,,0.041399235,1.7139E-07,,
13.611,184.2,0.575,93.4,,,,,3.603,0.575,218.2,93.4,,186.8805072,,,17.80751324,184.5455,,202.3530132,,,183.2,183.3530132,183.2,3.603,,0.083522489,6.97601E-07,,
13.631,184.4,0.571,93.4,,,,,3.623,0.571,218.4,93.4,,187.0507987,,,17.84813558,184.70446,,202.5525956,,,183.4,183.5525956,183.4,3.623,,0.083203708,6.92286E-07,,
13.652,184.7,0.567,93.3,,,,,3.644,0.567,218.7,93.3,,187.2116211,,,17.87449444,184.86342,,202.7379144,,,183.7,183.7379144,183.7,3.644,,0.020639303,4.25981E-08,,
13.672,184.9,0.56,93.3,,,,,3.664,0.56,218.9,93.3,,187.49672,,,17.94685333,185.1416,,203.0884533,,,183.9,184.0884533,183.9,3.664,,0.102475965,1.05013E-06,,
13.69,185.2,0.555,93.1,,,,,3.682,0.555,219.2,93.1,,187.6826874,,,17.96965612,185.3403,,203.3099561,,,184.2,184.3099561,184.2,3.682,,0.059693865,3.56336E-07,,
13.706,185.4,0.554,92.6,,,,,3.698,0.554,219.4,92.6,,187.6921408,,,17.90622178,185.38004,,203.2862618,,,184.4,184.2862618,184.4,3.698,,-0.061680152,3.80444E-07,,
13.72,185.7,0.548,92.3,,,,,3.712,0.548,219.7,92.3,,187.9060612,,,17.92459389,185.61848,,203.5430739,,,184.7,184.5430739,184.7,3.712,,-0.084962696,7.21866E-07,,
13.747,186,0.541,92.1,,,,,3.739,0.541,220,92.1,,188.1567222,,,17.96883684,185.89666,,203.8654968,,,185,184.8654968,185,3.739,,-0.072704432,5.28593E-07,,
13.77,186.3,0.536,92.4,,,,,3.762,0.536,220.3,92.4,,188.3547383,,,18.06759471,186.09536,,204.1629547,,,185.3,185.1629547,185.3,3.762,,-0.073958608,5.46988E-07,,
13.788,186.7,0.532,92.7,,,,,3.78,0.532,220.7,92.7,,188.5124092,,,18.15635474,186.25432,,204.4106747,,,185.7,185.4106747,185.7,3.78,,-0.155802531,2.42744E-06,,
13.813,187,0.53,93.2,,,,,3.805,0.53,221,93.2,,188.6081876,,,18.25390819,186.3338,,204.5877082,,,186,185.5877082,186,3.805,,-0.221662258,4.91342E-06,,
13.829,187.2,0.525,93.4,,,,,3.821,0.525,221.2,93.4,,188.7886312,,,18.33989573,186.5325,,204.8723957,,,186.2,185.8723957,186.2,3.821,,-0.175942159,3.09556E-06,,
13.852,187.5,0.52,93.7,,,,,3.844,0.52,221.5,93.7,,188.9690623,,,18.4420092,186.7312,,205.1732092,,,186.5,186.1732092,186.5,3.844,,-0.175222949,3.07031E-06,,
13.873,187.7,0.515,93.4,,,,,3.865,0.515,221.7,93.4,,189.1155589,,,18.45326895,186.9299,,205.383169,,,186.7,186.383169,186.7,3.865,,-0.169700589,2.87983E-06,,
13.894,187.9,0.511,93,,,,,3.886,0.511,221.9,93,,189.2226657,,,18.43771855,187.08886,,205.5265786,,,186.9,186.5265786,186.9,3.886,,-0.199797432,3.9919E-06,,
13.896,188.1,0.508,92.7,,,,,3.888,0.508,222.1,92.7,,189.3017177,,,18.42594665,187.20808,,205.6340267,,,187.1,186.6340267,187.1,3.888,,-0.249050401,6.20261E-06,,
13.931,188.4,0.501,92.7,,,,,3.923,0.501,222.4,92.7,,189.51343,,,18.507289,187.48626,,205.993549,,,187.4,186.993549,187.4,3.923,,-0.216889541,4.70411E-06,,
13.949,188.7,0.498,92.1,,,,,3.941,0.498,222.7,92.1,,189.5751706,,,18.44868261,187.60548,,206.0541626,,,187.7,187.0541626,187.7,3.941,,-0.344079595,1.18391E-05,,
13.961,189,0.494,92,,,,,3.953,0.494,223,92,,189.6868265,,,18.479944,187.76444,,206.244384,,,188,187.244384,188,3.953,,-0.401923404,1.61542E-05,,
13.993,189.3,0.492,92.4,,,,,3.985,0.492,223.3,92.4,,189.7610291,,,18.56656737,187.84392,,206.4104874,,,188.3,187.4104874,188.3,3.985,,-0.472391184,2.23153E-05,,
14.013,189.6,0.488,92.3,,,,,4.005,0.488,223.6,92.3,,189.8686976,,,18.59858805,188.00288,,206.601468,,,188.6,187.601468,188.6,4.005,,-0.529444327,2.80311E-05,,
14.033,189.9,0.484,92.7,,,,,4.025,0.484,223.9,92.7,,189.9944496,,,18.71027926,188.16184,,206.8721193,,,188.9,187.8721193,188.9,4.025,,-0.544140127,2.96088E-05,,
14.05,190.2,0.482,93.3,,,,,4.042,0.482,224.2,93.3,,190.0721659,,,18.82998515,188.24132,,207.0713052,,,189.2,188.0713052,189.2,4.042,,-0.596561734,3.55886E-05,,
14.07,190.5,0.479,93.6,,,,,4.062,0.479,224.5,93.6,,190.1628005,,,18.91486487,188.36054,,207.2754049,,,189.5,188.2754049,189.5,4.062,,-0.646224327,4.17606E-05,,
14.09,190.7,0.473,93.6,,,,,4.082,0.473,224.7,93.6,,190.3159313,,,18.99024321,188.59898,,207.5892232,,,189.7,188.5892232,189.7,4.082,,-0.585543911,3.42862E-05,,
14.111,190.9,0.468,93.3,,,,,4.103,0.468,224.9,93.3,,190.4283375,,,19.00556039,188.79768,,207.8032404,,,189.9,188.8032404,189.9,4.103,,-0.577545866,3.33559E-05,,
14.131,191.2,0.466,92.9,,,,,4.123,0.466,225.2,92.9,,190.4621718,,,18.96648314,188.87716,,207.8436431,,,190.2,188.8436431,190.2,4.123,,-0.713121399,5.08542E-05,,
14.152,191.4,0.465,92.6,,,,,4.144,0.465,225.4,92.6,,190.4753231,,,18.93065774,188.9169,,207.8475577,,,190.4,188.8475577,190.4,4.144,,-0.815358351,6.64809E-05,,
14.172,191.6,0.462,92.7,,,,,4.164,0.462,225.6,92.7,,190.5505805,,,18.98520109,189.03612,,208.0213211,,,190.6,189.0213211,190.6,4.164,,-0.828268048,6.86028E-05,,
14.193,191.9,0.457,93.3,,,,,4.185,0.457,225.9,93.3,,190.6879214,,,19.14771653,189.23482,,208.3825365,,,190.9,189.3825365,190.9,4.185,,-0.794899686,6.31866E-05,,
14.21,192.1,0.454,93.2,,,,,4.202,0.454,226.1,93.2,,190.7523063,,,19.17077996,189.35404,,208.52482,,,191.1,189.52482,191.1,4.202,,-0.824270016,6.79421E-05,,
14.229,192.3,0.451,92.8,,,,,4.221,0.451,226.3,92.8,,190.8054639,,,19.14468257,189.47326,,208.6179426,,,191.3,189.6179426,191.3,4.221,,-0.879277261,7.73129E-05,,
14.251,192.5,0.45,92.4,,,,,4.243,0.45,226.5,92.4,,190.8140635,,,19.09197884,189.513,,208.6049788,,,191.5,189.6049788,191.5,4.243,,-0.989567206,9.79243E-05,,
14.271,192.8,0.448,92.7,,,,,4.263,0.448,226.8,92.7,,190.8677481,,,19.16791549,189.59248,,208.7603955,,,191.8,189.7603955,191.8,4.263,,-1.063401721,0.000113082,,
14.291,193,0.444,93.1,,,,,4.283,0.444,227,93.1,,190.966269,,,19.28762965,189.75144,,209.0390696,,,192,190.0390696,192,4.283,,-1.021317917,0.000104309,,
14.311,193.2,0.442,93,,,,,4.303,0.442,227.2,93,,191.0049242,,,19.29806421,189.83092,,209.1289842,,,192.2,190.1289842,192.2,4.303,,-1.077531634,0.000116107,,
14.331,193.4,0.438,92.8,,,,,4.323,0.438,227.4,92.8,,191.0808503,,,19.31909736,189.98988,,209.3089774,,,192.4,190.3089774,192.4,4.323,,-1.086810083,0.000118116,,
14.346,193.7,0.437,92.8,,,,,4.338,0.437,227.7,92.8,,191.1010943,,,19.33275363,190.02962,,209.3623736,,,192.7,190.3623736,192.7,4.338,,-1.213091022,0.000147159,,
14.372,193.8,0.437,93.1,,,,,4.364,0.437,227.8,93.1,,191.1103757,,,19.38291258,190.02962,,209.4125326,,,192.8,190.4125326,192.8,4.364,,-1.238312967,0.000153342,,
14.388,194,0.435,93.5,,,,,4.38,0.435,228,93.5,,191.1625593,,,19.47743354,190.1091,,209.5865335,,,193,190.5865335,193,4.38,,-1.250500777,0.000156375,,
14.412,194.2,0.433,93.6,,,,,4.404,0.433,228.2,93.6,,191.2048851,,,19.52205355,190.18858,,209.7106335,,,193.2,190.7106335,193.2,4.404,,-1.288491977,0.000166021,,
