Time,Pressure_in,Pressure_out,Flow,Voltage
5913,0.00,0.00,0.00,10.00
5922,0.00,0.00,0.00,-15.03
5941,0.00,0.00,0.00,-15.33
5954,0.00,0.00,0.00,-15.65
5956,0.00,0.00,0.00,-16.00
5976,0.00,0.00,0.00,-16.31
5989,0.00,0.00,0.00,-16.63
6004,0.00,0.00,0.00,-16.98
6019,0.00,0.00,0.00,-17.28
6029,0.00,0.00,0.00,-17.61
6043,0.00,0.00,0.00,-17.91
6056,0.00,0.00,0.00,-18.25
6060,0.00,0.00,0.00,-18.57
6080,0.00,0.00,0.00,-18.87
6093,0.00,0.00,0.00,-19.22
6110,0.00,0.00,0.00,-19.53
6122,0.00,0.00,0.00,-19.83
6134,0.00,0.00,0.00,-20.17
6146,0.00,0.00,0.00,-20.48
6159,0.00,0.00,0.00,-20.77
6171,0.00,0.00,0.00,-21.08
6187,0.00,0.00,0.00,-21.42
6196,0.00,0.00,0.00,-21.70
6212,0.00,0.00,0.00,-22.01
6221,0.00,0.00,0.00,-22.32
6237,0.00,0.00,0.00,-22.62
6249,0.00,0.00,0.00,-22.92
6265,0.00,0.00,0.00,-23.22
6278,0.00,0.00,0.00,-23.52
6290,0.00,0.00,0.00,-23.81
6303,0.00,0.00,0.00,-24.10
6315,0.00,0.00,0.00,-24.39
6327,0.00,0.00,0.00,-24.68
6343,0.00,0.00,0.00,-24.94
6355,0.00,0.00,0.00,-25.25
6368,0.00,0.00,0.00,-25.50
6380,0.00,0.00,0.00,-25.78
6391,0.00,0.00,0.00,-26.07
6404,0.00,0.00,0.00,-26.32
6421,0.00,0.00,0.00,-26.59
6429,0.00,0.00,0.00,-26.88
6445,0.00,0.00,0.00,-27.12
6456,0.00,0.00,0.00,-27.38
6470,0.00,0.00,0.00,-27.63
6472,0.00,0.00,0.00,-27.88
6487,0.00,0.00,0.00,-28.13
6510,0.00,0.00,0.00,-28.36
6522,0.00,0.00,0.00,-28.62
6537,0.00,0.00,0.00,-28.85
6548,0.00,0.00,0.00,-29.07
6560,0.00,0.00,0.00,-29.32
6573,0.00,0.00,0.00,-29.54
6589,0.00,0.00,0.00,-29.75
6602,0.00,0.00,0.00,-29.97
6614,0.00,0.00,0.00,-30.20
6626,0.00,0.00,0.00,-30.39
6639,0.00,0.00,0.00,-30.60
6651,0.00,0.00,0.00,-30.80
6656,0.00,0.00,0.00,-31.00
6680,0.00,0.00,0.00,-31.20
6693,0.00,0.00,0.00,-31.38
6705,0.00,0.00,0.00,-31.57
6709,0.00,0.00,0.00,-31.75
6730,0.00,0.00,0.00,-31.93
6744,0.00,0.00,0.00,-32.10
6755,0.00,0.00,0.00,-32.27
6770,0.00,0.00,0.00,-32.42
6782,0.00,0.00,0.00,-32.59
6794,0.00,0.00,0.00,-32.73
6806,0.00,0.00,0.00,-32.88
6822,0.00,0.00,0.00,-33.03
6835,0.00,0.00,0.00,-33.16
6847,0.00,0.00,0.00,-33.29
6859,0.00,0.00,0.00,-33.43
6871,0.00,0.00,0.00,-33.55
6884,0.00,0.00,0.00,-33.67
6896,0.00,0.00,0.00,-33.78
6912,0.00,0.00,0.00,-33.89
6925,0.00,0.00,0.00,-34.00
6937,0.00,0.00,0.00,-34.09
6950,0.00,0.00,0.00,-34.19
6962,0.00,0.00,0.00,-34.28
6974,0.00,0.00,0.00,-34.36
6990,0.00,0.00,0.00,-34.44
7003,0.00,0.00,0.00,-34.52
7015,0.00,0.00,0.00,-34.58
7027,0.00,0.00,0.00,-34.65
7038,0.00,0.00,0.00,-34.71
7052,0.00,0.00,0.00,-34.76
7068,0.00,0.00,0.00,-34.81
7081,0.00,0.00,0.00,-34.85
7093,0.00,0.00,0.00,-34.89
7105,0.00,0.00,0.00,-34.92
7118,0.00,0.00,0.00,-34.95
7130,0.00,0.00,0.00,-34.97
7146,0.00,0.00,0.00,-34.98
7158,0.00,0.00,0.00,-34.99
7171,0.00,0.00,0.00,-35.00
7184,0.00,0.00,0.00,-35.00
7196,0.00,0.00,0.00,-34.99
7209,0.00,0.00,0.00,-34.98
7224,0.00,0.00,0.00,-34.97
7236,0.00,0.00,0.00,-34.95
7248,0.00,0.00,0.00,-34.92
7261,0.00,0.00,0.00,-34.89
7273,0.00,0.00,0.00,-34.85
7285,0.00,0.00,0.00,-34.81
7301,0.00,0.00,0.00,-34.77
7313,0.00,0.00,0.00,-34.71
7321,0.00,0.00,0.00,-34.66
7338,0.00,0.00,0.00,-34.59
7353,0.00,0.00,0.00,-34.52
7365,0.00,0.00,0.00,-34.45
7379,0.00,0.00,0.00,-34.37
7391,0.00,0.00,0.00,-34.29
7404,0.00,0.00,0.00,-34.20
7417,0.00,0.00,0.00,-34.10
7429,0.00,0.00,0.00,-34.01
7441,0.00,0.00,0.00,-33.90
7453,0.00,0.00,0.00,-33.79
7469,0.00,0.00,0.00,-33.68
7482,0.00,0.00,0.00,-33.57
7494,0.00,0.00,0.00,-33.44
7507,0.00,0.00,0.00,-33.30
7520,0.00,0.00,0.00,-33.18
7532,0.00,0.00,0.00,-33.04
7548,0.00,0.00,0.00,-32.89
7560,0.00,0.00,0.00,-32.75
7572,0.00,0.00,0.00,-32.60
7586,0.00,0.00,0.00,-32.43
7598,0.00,0.00,0.00,-32.28
7610,0.00,0.00,0.00,-32.11
7625,0.00,0.00,0.00,-31.94
7638,0.00,0.00,0.00,-31.76
7651,0.00,0.00,0.00,-31.58
7662,0.00,0.00,0.00,-31.40
7674,0.00,0.00,0.00,-31.21
7687,0.00,0.00,0.00,-31.02
7702,0.00,0.00,0.00,-30.83
7715,0.00,0.00,0.00,-30.62
7728,0.00,0.00,0.00,-30.41
7740,0.00,0.00,0.00,-30.22
7754,0.00,0.00,0.00,-30.00
7765,0.00,0.00,0.00,-29.77
7780,0.00,0.00,0.00,-29.56
7793,0.00,0.00,0.00,-29.34
7805,0.00,0.00,0.00,-29.09
7817,0.00,0.00,0.00,-28.87
7831,0.00,0.00,0.00,-28.64
7843,0.00,0.00,0.00,-28.38
7858,0.00,0.00,0.00,-28.15
7871,0.00,0.00,0.00,-27.90
7884,0.00,0.00,0.00,-27.63
7886,0.00,0.00,0.00,-27.40
7908,0.00,0.00,0.00,-27.14
7921,0.00,0.00,0.00,-26.90
7936,0.00,0.00,0.00,-26.61
7945,0.00,0.00,0.00,-26.35
7961,0.00,0.00,0.00,-26.10
7974,0.00,0.00,0.00,-25.80
7987,0.00,0.00,0.00,-25.52
7999,0.00,0.00,0.00,-25.27
8011,0.00,0.00,0.00,-24.96
8026,0.00,0.00,0.00,-24.68
8039,0.00,0.00,0.00,-24.41
8051,0.00,0.00,0.00,-24.12
8063,0.00,0.00,0.00,-23.81
8076,0.00,0.00,0.00,-23.54
8088,0.00,0.00,0.00,-23.24
8105,0.00,0.00,0.00,-22.94
8117,0.00,0.00,0.00,-22.64
8129,0.00,0.00,0.00,-22.34
8142,0.00,0.00,0.00,-22.03
8154,0.00,0.00,0.00,-21.73
8169,0.00,0.00,0.00,-21.42
8183,0.00,0.00,0.00,-21.13
8196,0.00,0.00,0.00,-20.80
8209,0.00,0.00,0.00,-20.48
8221,0.00,0.00,0.00,-20.19
8234,0.00,0.00,0.00,-19.85
8248,0.00,0.00,0.00,-19.56
8260,0.00,0.00,0.00,-19.24
8272,0.00,0.00,0.00,-18.90
8284,0.00,0.00,0.00,-18.60
8298,0.00,0.00,0.00,-18.28
8310,0.00,0.00,0.00,-17.93
8322,0.00,0.00,0.00,-17.63
8337,0.00,0.00,0.00,-17.31
8350,0.00,0.00,0.00,-16.98
8362,0.00,0.00,0.00,-16.66
8375,0.00,0.00,0.00,-16.33
8387,0.00,0.00,0.00,-16.00
8400,0.00,0.00,0.00,-15.68
8415,0.00,0.00,0.00,-15.35
8428,0.00,0.00,0.00,-15.03
8440,0.00,0.00,0.00,-14.70
8453,0.00,0.00,0.00,-14.37
8465,0.00,0.00,0.00,-14.05
8477,0.00,0.00,0.00,-13.74
8493,0.00,0.00,0.00,-13.39
8506,0.00,0.00,0.00,-13.09
8518,0.00,0.00,0.00,-12.77
8531,0.00,0.00,0.00,-12.42
8543,0.00,0.00,0.00,-12.12
8555,0.00,0.00,0.00,-11.80
8571,0.00,0.00,0.00,-11.45
8583,0.00,0.00,0.00,-11.15
8596,0.00,0.00,0.00,-10.83
8609,0.00,0.00,0.00,-10.49
8621,0.00,0.00,0.00,-10.20
8633,0.00,0.00,0.00,-9.88
8645,0.00,0.00,0.00,-9.59
8662,0.00,0.00,0.00,-9.25
8673,0.00,0.00,0.00,-8.94
8686,0.00,0.00,0.00,-8.65
8699,0.00,0.00,0.00,-8.32
8710,0.00,0.00,0.00,-8.04
8723,0.00,0.00,0.00,-7.73
8735,0.00,0.00,0.00,-7.40
8752,0.00,0.00,0.00,-7.13
8764,0.00,0.00,0.00,-6.83
8776,0.00,0.00,0.00,-6.55
8788,0.00,0.00,0.00,-6.24
8801,0.00,0.00,0.00,-5.94
8802,0.00,0.00,0.00,-5.67
8829,0.00,0.00,0.00,-5.36
8842,0.00,0.00,0.00,-5.10
8852,0.00,0.00,0.00,-4.82
8867,0.00,0.00,0.00,-4.54
8870,0.00,0.00,0.00,-4.26
8888,0.00,0.00,0.00,-3.99
8905,0.00,0.00,0.00,-3.74
8919,0.00,0.00,0.00,-3.45
8932,0.00,0.00,0.00,-3.20
8944,0.00,0.00,0.00,-2.94
8956,0.00,0.00,0.00,-2.66
8969,0.00,0.00,0.00,-2.43
8981,0.00,0.00,0.00,-2.17
8993,0.00,0.00,0.00,-1.93
9009,0.00,0.00,0.00,-1.68
9022,0.00,0.00,0.00,-1.44
9034,0.00,0.00,0.00,-1.22
9046,0.00,0.00,0.00,-0.96
9059,0.00,0.00,0.00,-0.75
9070,0.00,0.00,0.00,-0.52
9087,0.00,0.00,0.00,-0.30
9100,0.00,0.00,0.00,-0.08
9113,0.00,0.00,0.00,0.13
9125,0.00,0.00,0.00,0.35
9137,0.00,0.00,0.00,0.55
9149,0.00,0.00,0.00,0.74
9161,0.00,0.00,0.00,0.96
9177,0.00,0.00,0.00,1.15
9190,0.00,0.00,0.00,1.33
9202,0.00,0.00,0.00,1.51
9214,0.00,0.00,0.00,1.70
9227,0.00,0.00,0.00,1.87
9234,0.00,0.00,0.00,2.03
9251,0.00,0.00,0.00,2.21
9266,0.00,0.00,0.00,2.38
9281,0.00,0.00,0.00,2.53
9284,0.00,0.00,0.00,2.69
9306,0.00,0.00,0.00,2.83
9319,0.00,0.00,0.00,2.98
9330,0.00,0.00,0.00,3.12
9342,0.00,0.00,0.00,3.25
9357,0.00,0.00,0.00,3.38
9370,0.00,0.00,0.00,3.50
9382,0.00,0.00,0.00,3.63
9394,0.00,0.00,0.00,3.75
9407,0.00,0.00,0.00,3.85
9419,0.00,0.00,0.00,3.97
9432,0.00,0.00,0.00,4.06
9448,0.00,0.00,0.00,4.16
9460,0.00,0.00,0.00,4.24
9473,0.00,0.00,0.00,4.33
9485,0.00,0.00,0.00,4.41
9497,0.00,0.00,0.00,4.48
9509,0.00,0.00,0.00,4.56
9525,0.00,0.00,0.00,4.62
9538,0.00,0.00,0.00,4.68
9550,0.00,0.00,0.00,4.74
9563,0.00,0.00,0.00,4.79
9575,0.00,0.00,0.00,4.83
9587,0.00,0.00,0.00,4.87
9600,0.00,0.00,0.00,4.91
9615,0.00,0.00,0.00,4.93
9628,0.00,0.00,0.00,4.96
9637,0.00,0.00,0.00,4.98
9653,0.00,0.00,0.00,4.99
9666,0.00,0.00,0.00,5.00
9679,0.00,0.00,0.00,5.00
9691,0.00,0.00,0.00,5.00
9706,0.00,0.00,0.00,4.99
9718,0.00,0.00,0.00,4.98
9733,0.00,0.00,0.00,4.96
9737,0.00,0.00,0.00,4.94
9755,0.00,0.00,0.00,4.91
9770,0.00,0.00,0.00,4.87
9783,0.00,0.00,0.00,4.83
9795,0.00,0.00,0.00,4.79
9808,0.00,0.00,0.00,4.74
9821,0.00,0.00,0.00,4.68
9833,0.00,0.00,0.00,4.62
9845,0.00,0.00,0.00,4.56
9856,0.00,0.00,0.00,4.48
9873,0.00,0.00,0.00,4.41
9887,0.00,0.00,0.00,4.33
9899,0.00,0.00,0.00,4.25
9911,0.00,0.00,0.00,4.16
9916,0.00,0.00,0.00,4.06
9932,0.00,0.00,0.00,3.96
9948,0.00,0.00,0.00,3.85
9964,0.00,0.00,0.00,3.75
9976,0.00,0.00,0.00,3.62
9988,0.00,0.00,0.00,3.50
10001,0.00,0.00,0.00,3.38
10013,0.00,0.00,0.00,3.25
10025,0.00,0.00,0.00,3.12
10042,0.00,0.00,0.00,2.98
10052,0.00,0.00,0.00,2.83
10067,0.00,0.00,0.00,2.68
10068,0.00,0.00,0.00,2.53
10092,0.00,0.00,0.00,2.38
10102,0.00,0.00,0.00,2.20
10116,0.00,0.00,0.00,2.03
10132,0.00,0.00,0.00,1.87
10144,0.00,0.00,0.00,1.70
10156,0.00,0.00,0.00,1.51
10168,0.00,0.00,0.00,1.33
10182,0.00,0.00,0.00,1.14
10183,0.00,0.00,0.00,0.94
10207,0.00,0.00,0.00,0.74
10221,0.00,0.00,0.00,0.55
10234,0.00,0.00,0.00,0.33
10246,0.00,0.00,0.00,0.13
10259,0.00,0.00,0.00,-0.08
10271,0.00,0.00,0.00,-0.32
10284,0.00,0.00,0.00,-0.52
10299,0.00,0.00,0.00,-0.75
10308,0.00,0.00,0.00,-0.96
10316,0.00,0.00,0.00,-1.22
10333,0.00,0.00,0.00,-1.46
10349,0.00,0.00,0.00,-1.68
10364,0.00,0.00,0.00,-1.94
10374,0.00,0.00,0.00,-2.17
10382,0.00,0.00,0.00,-2.43
10402,0.00,0.00,0.00,-2.70
10415,0.00,0.00,0.00,-2.94
10427,0.00,0.00,0.00,-3.20
10439,0.00,0.00,0.00,-3.45
10452,0.00,0.00,0.00,-3.74
10464,0.00,0.00,0.00,-4.01
10480,0.00,0.00,0.00,-4.26
10481,0.00,0.00,0.00,-4.56
10502,0.00,0.00,0.00,-4.82
10517,0.00,0.00,0.00,-5.10
10527,0.00,0.00,0.00,-5.39
10540,0.00,0.00,0.00,-5.67
10551,0.00,0.00,0.00,-5.97
10566,0.00,0.00,0.00,-6.24
10582,0.00,0.00,0.00,-6.55
10583,0.00,0.00,0.00,-6.83
10607,0.00,0.00,0.00,-7.13
10616,0.00,0.00,0.00,-7.45
10632,0.00,0.00,0.00,-7.73
10648,0.00,0.00,0.00,-8.04
10660,0.00,0.00,0.00,-8.34
10673,0.00,0.00,0.00,-8.65
10685,0.00,0.00,0.00,-8.96
10697,0.00,0.00,0.00,-9.25
10709,0.00,0.00,0.00,-9.59
10721,0.00,0.00,0.00,-9.88
10738,0.00,0.00,0.00,-10.20
10749,0.00,0.00,0.00,-10.54
10763,0.00,0.00,0.00,-10.83
10766,0.00,0.00,0.00,-11.15
10783,0.00,0.00,0.00,-11.47
10798,0.00,0.00,0.00,-11.80
10815,0.00,0.00,0.00,-12.12
10826,0.00,0.00,0.00,-12.42
10840,0.00,0.00,0.00,-12.77
10852,0.00,0.00,0.00,-13.09
10865,0.00,0.00,0.00,-13.39
10877,0.00,0.00,0.00,-13.74
10893,0.00,0.00,0.00,-14.07
10905,0.00,0.00,0.00,-14.37
10916,0.00,0.00,0.00,-14.72
10931,0.00,0.00,0.00,-15.05
10941,0.00,0.00,0.00,-15.35
10948,0.00,0.00,0.00,-15.70
10965,0.00,0.00,0.00,-16.03
10982,0.00,0.00,0.00,-16.33
10996,0.00,0.00,0.00,-16.66
11008,0.00,0.00,0.00,-17.01
11021,0.00,0.00,0.00,-17.33
11037,0.00,0.00,0.00,-17.63
11049,0.00,0.00,0.00,-17.98
11059,0.00,0.00,0.00,-18.30
11074,0.00,0.00,0.00,-18.60
11086,0.00,0.00,0.00,-18.94
11098,0.00,0.00,0.00,-19.26
11114,0.00,0.00,0.00,-19.56
11127,0.00,0.00,0.00,-19.88
11139,0.00,0.00,0.00,-20.22
11152,0.00,0.00,0.00,-20.53
11164,0.00,0.00,0.00,-20.82
11167,0.00,0.00,0.00,-21.16
11181,0.00,0.00,0.00,-21.47
11198,0.00,0.00,0.00,-21.75
11214,0.00,0.00,0.00,-22.08
11229,0.00,0.00,0.00,-22.39
11240,0.00,0.00,0.00,-22.67
11250,0.00,0.00,0.00,-22.99
11263,0.00,0.00,0.00,-23.29
11282,0.00,0.00,0.00,-23.58
11295,0.00,0.00,0.00,-23.86
11307,0.00,0.00,0.00,-24.17
11319,0.00,0.00,0.00,-24.46
11332,0.00,0.00,0.00,-24.72
11348,0.00,0.00,0.00,-25.03
11356,0.00,0.00,0.00,-25.31
11373,0.00,0.00,0.00,-25.57
11385,0.00,0.00,0.00,-25.86
11398,0.00,0.00,0.00,-26.14
11413,0.00,0.00,0.00,-26.39
11413,0.00,0.00,0.00,-26.67
11437,0.00,0.00,0.00,-26.94
11451,0.00,0.00,0.00,-27.20
11463,0.00,0.00,0.00,-27.44
11478,0.00,0.00,0.00,-27.71
11480,0.00,0.00,0.00,-27.96
11503,0.00,0.00,0.00,-28.19
11516,0.00,0.00,0.00,-28.45
11529,0.00,0.00,0.00,-28.69
11541,0.00,0.00,0.00,-28.91
11549,0.00,0.00,0.00,-29.16
11569,0.00,0.00,0.00,-29.39
11581,0.00,0.00,0.00,-29.61
11588,0.00,0.00,0.00,-29.82
11600,0.00,0.00,0.00,-30.05
11615,0.00,0.00,0.00,-30.27
11632,0.00,0.00,0.00,-30.46
11647,0.00,0.00,0.00,-30.68
11659,0.00,0.00,0.00,-30.88
11671,0.00,0.00,0.00,-31.06
11683,0.00,0.00,0.00,-31.27
11699,0.00,0.00,0.00,-31.46
11713,0.00,0.00,0.00,-31.64
11725,0.00,0.00,0.00,-31.82
11737,0.00,0.00,0.00,-31.99
11749,0.00,0.00,0.00,-32.16
11762,0.00,0.00,0.00,-32.32
11777,0.00,0.00,0.00,-32.49
11780,0.00,0.00,0.00,-32.65
11799,0.00,0.00,0.00,-32.79
11815,0.00,0.00,0.00,-32.94
11821,0.00,0.00,0.00,-33.09
11839,0.00,0.00,0.00,-33.22
11849,0.00,0.00,0.00,-33.36
11868,0.00,0.00,0.00,-33.48
11881,0.00,0.00,0.00,-33.60
11893,0.00,0.00,0.00,-33.71
11900,0.00,0.00,0.00,-33.83
11919,0.00,0.00,0.00,-33.94
11934,0.00,0.00,0.00,-34.04
11946,0.00,0.00,0.00,-34.14
11958,0.00,0.00,0.00,-34.23
11971,0.00,0.00,0.00,-34.32
11984,0.00,0.00,0.00,-34.40
11999,0.00,0.00,0.00,-34.48
12011,0.00,0.00,0.00,-34.55
12024,0.00,0.00,0.00,-34.62
12035,0.00,0.00,0.00,-34.68
12049,0.00,0.00,0.00,-34.73
12061,0.00,0.00,0.00,-34.78
12077,0.00,0.00,0.00,-34.83
12089,0.00,0.00,0.00,-34.87
12100,0.00,0.00,0.00,-34.90
12114,0.00,0.00,0.00,-34.93
12126,0.00,0.00,0.00,-34.96
12142,0.00,0.00,0.00,-34.98
12155,0.00,0.00,0.00,-34.99
12167,0.00,0.00,0.00,-35.00
12180,0.00,0.00,0.00,-35.00
12191,0.00,0.00,0.00,-35.00
12197,0.00,0.00,0.00,-34.99
12213,0.00,0.00,0.00,-34.98
12230,0.00,0.00,0.00,-34.96
12245,0.00,0.00,0.00,-34.93
12255,0.00,0.00,0.00,-34.90
12262,0.00,0.00,0.00,-34.87
12279,0.00,0.00,0.00,-34.83
12298,0.00,0.00,0.00,-34.78
12311,0.00,0.00,0.00,-34.73
12312,0.00,0.00,0.00,-34.68
12330,0.00,0.00,0.00,-34.62
12348,0.00,0.00,0.00,-34.55
12363,0.00,0.00,0.00,-34.48
12374,0.00,0.00,0.00,-34.40
12389,0.00,0.00,0.00,-34.32
12401,0.00,0.00,0.00,-34.23
12413,0.00,0.00,0.00,-34.14
12426,0.00,0.00,0.00,-34.04
12441,0.00,0.00,0.00,-33.94
12454,0.00,0.00,0.00,-33.83
12462,0.00,0.00,0.00,-33.72
12479,0.00,0.00,0.00,-33.60
12491,0.00,0.00,0.00,-33.47
12506,0.00,0.00,0.00,-33.36
12519,0.00,0.00,0.00,-33.22
12532,0.00,0.00,0.00,-33.09
12545,0.00,0.00,0.00,-32.94
12557,0.00,0.00,0.00,-32.80
12569,0.00,0.00,0.00,-32.65
12585,0.00,0.00,0.00,-32.49
12597,0.00,0.00,0.00,-32.33
12610,0.00,0.00,0.00,-32.16
12622,0.00,0.00,0.00,-31.98
12634,0.00,0.00,0.00,-31.82
12647,0.00,0.00,0.00,-31.64
12663,0.00,0.00,0.00,-31.46
12675,0.00,0.00,0.00,-31.27
12688,0.00,0.00,0.00,-31.08
12700,0.00,0.00,0.00,-30.88
12713,0.00,0.00,0.00,-30.66
12728,0.00,0.00,0.00,-30.47
12740,0.00,0.00,0.00,-30.27
12753,0.00,0.00,0.00,-30.04
12766,0.00,0.00,0.00,-29.83
12778,0.00,0.00,0.00,-29.61
12790,0.00,0.00,0.00,-29.37
12806,0.00,0.00,0.00,-29.16
12819,0.00,0.00,0.00,-28.93
12831,0.00,0.00,0.00,-28.69
12844,0.00,0.00,0.00,-28.43
12856,0.00,0.00,0.00,-28.21
12872,0.00,0.00,0.00,-27.96
12884,0.00,0.00,0.00,-27.69
12897,0.00,0.00,0.00,-27.46
12909,0.00,0.00,0.00,-27.20
12921,0.00,0.00,0.00,-26.92
12934,0.00,0.00,0.00,-26.65
12950,0.00,0.00,0.00,-26.41
12961,0.00,0.00,0.00,-26.14
12971,0.00,0.00,0.00,-25.84
12986,0.00,0.00,0.00,-25.59
12999,0.00,0.00,0.00,-25.31
13011,0.00,0.00,0.00,-25.01
13027,0.00,0.00,0.00,-24.75
13040,0.00,0.00,0.00,-24.46
13052,0.00,0.00,0.00,-24.15
13065,0.00,0.00,0.00,-23.86
13077,0.00,0.00,0.00,-23.58
13092,0.00,0.00,0.00,-23.26
13105,0.00,0.00,0.00,-22.97
13117,0.00,0.00,0.00,-22.69
13130,0.00,0.00,0.00,-22.39
13142,0.00,0.00,0.00,-22.06
13154,0.00,0.00,0.00,-21.77
13170,0.00,0.00,0.00,-21.47
13183,0.00,0.00,0.00,-21.13
13195,0.00,0.00,0.00,-20.82
13208,0.00,0.00,0.00,-20.53
13220,0.00,0.00,0.00,-20.19
13232,0.00,0.00,0.00,-19.88
13248,0.00,0.00,0.00,-19.58
13261,0.00,0.00,0.00,-19.26
13273,0.00,0.00,0.00,-18.92
13285,0.00,0.00,0.00,-18.60
13295,0.00,0.00,0.00,-18.30
13311,0.00,0.00,0.00,-17.95
13327,0.00,0.00,0.00,-17.63
13338,0.00,0.00,0.00,-17.33
13347,0.00,0.00,0.00,-16.98
13363,0.00,0.00,0.00,-16.66
13375,0.00,0.00,0.00,-16.36
13392,0.00,0.00,0.00,-16.00
13404,0.00,0.00,0.00,-15.68
13417,0.00,0.00,0.00,-15.35
13429,0.00,0.00,0.00,-15.05
13441,0.00,0.00,0.00,-14.70
13457,0.00,0.00,0.00,-14.37
13461,0.00,0.00,0.00,-14.07
13477,0.00,0.00,0.00,-13.72
13494,0.00,0.00,0.00,-13.39
13507,0.00,0.00,0.00,-13.07
13518,0.00,0.00,0.00,-12.74
13535,0.00,0.00,0.00,-12.42
13548,0.00,0.00,0.00,-12.09
13560,0.00,0.00,0.00,-11.80
13572,0.00,0.00,0.00,-11.45
13584,0.00,0.00,0.00,-11.13
13597,0.00,0.00,0.00,-10.83
13612,0.00,0.00,0.00,-10.49
13625,0.00,0.00,0.00,-10.17
13637,0.00,0.00,0.00,-9.86
13651,0.00,0.00,0.00,-9.54
13662,0.00,0.00,0.00,-9.23
13674,0.00,0.00,0.00,-8.92
13690,0.00,0.00,0.00,-8.60
13703,0.00,0.00,0.00,-8.30
13715,0.00,0.00,0.00,-7.99
13728,0.00,0.00,0.00,-7.71
13740,0.00,0.00,0.00,-7.38
13753,0.00,0.00,0.00,-7.10
13769,0.00,0.00,0.00,-6.80
13781,0.00,0.00,0.00,-6.48
13794,0.00,0.00,0.00,-6.21
13806,0.00,0.00,0.00,-5.92
13812,0.00,0.00,0.00,-5.61
13831,0.00,0.00,0.00,-5.34
13846,0.00,0.00,0.00,-5.06
13859,0.00,0.00,0.00,-4.75
13871,0.00,0.00,0.00,-4.50
13878,0.00,0.00,0.00,-4.22
13896,0.00,0.00,0.00,-3.95
13908,0.00,0.00,0.00,-3.68
13911,0.00,0.00,0.00,-3.41
13936,0.00,0.00,0.00,-3.14
13946,0.00,0.00,0.00,-2.88
13961,0.00,0.00,0.00,-2.62
13966,0.00,0.00,0.00,-2.37
13986,0.00,0.00,0.00,-2.12
14001,0.00,0.00,0.00,-1.87
14012,0.00,0.00,0.00,-1.62
14027,0.00,0.00,0.00,-1.40
14038,0.00,0.00,0.00,-1.15
14051,0.00,0.00,0.00,-0.91
14064,0.00,0.00,0.00,-0.70
14080,0.00,0.00,0.00,-0.46
14093,0.00,0.00,0.00,-0.25
14105,0.00,0.00,0.00,-0.03
14117,0.00,0.00,0.00,0.20
14130,0.00,0.00,0.00,0.39
14142,0.00,0.00,0.00,0.60
14158,0.00,0.00,0.00,0.80
14170,0.00,0.00,0.00,1.00
14183,0.00,0.00,0.00,1.20
14195,0.00,0.00,0.00,1.38
14208,0.00,0.00,0.00,1.57
14219,0.00,0.00,0.00,1.75
14235,0.00,0.00,0.00,1.93
14248,0.00,0.00,0.00,2.10
14260,0.00,0.00,0.00,2.27
14273,0.00,0.00,0.00,2.43
14285,0.00,0.00,0.00,2.59
14297,0.00,0.00,0.00,2.74
14313,0.00,0.00,0.00,2.89
14325,0.00,0.00,0.00,3.02
14329,0.00,0.00,0.00,3.17
14344,0.00,0.00,0.00,3.30
14360,0.00,0.00,0.00,3.42
14375,0.00,0.00,0.00,3.56
14391,0.00,0.00,0.00,3.67
14396,0.00,0.00,0.00,3.78
14416,0.00,0.00,0.00,3.90
14426,0.00,0.00,0.00,4.00
14426,0.00,0.00,0.00,4.10
14452,0.00,0.00,0.00,4.19
14468,0.00,0.00,0.00,4.28
14481,0.00,0.00,0.00,4.37
14493,0.00,0.00,0.00,4.44
14506,0.00,0.00,0.00,4.52
14518,0.00,0.00,0.00,4.59
14528,0.00,0.00,0.00,4.65
14547,0.00,0.00,0.00,4.71
14560,0.00,0.00,0.00,4.76
14569,0.00,0.00,0.00,4.81
14577,0.00,0.00,0.00,4.85
14596,0.00,0.00,0.00,4.89
14609,0.00,0.00,0.00,4.92
14625,0.00,0.00,0.00,4.95
14635,0.00,0.00,0.00,4.97
14649,0.00,0.00,0.00,4.98
14661,0.00,0.00,0.00,4.99
14674,0.00,0.00,0.00,5.00
14684,0.00,0.00,0.00,5.00
14702,0.00,0.00,0.00,4.99
14715,0.00,0.00,0.00,4.98
14727,0.00,0.00,0.00,4.97
14740,0.00,0.00,0.00,4.95
14752,0.00,0.00,0.00,4.92
14760,0.00,0.00,0.00,4.89
14775,0.00,0.00,0.00,4.85
14792,0.00,0.00,0.00,4.81
14803,0.00,0.00,0.00,4.76
14810,0.00,0.00,0.00,4.71
14828,0.00,0.00,0.00,4.65
14842,0.00,0.00,0.00,4.59
14858,0.00,0.00,0.00,4.52
14869,0.00,0.00,0.00,4.44
14880,0.00,0.00,0.00,4.37
14895,0.00,0.00,0.00,4.28
14908,0.00,0.00,0.00,4.19
14920,0.00,0.00,0.00,4.10
14936,0.00,0.00,0.00,4.00
14948,0.00,0.00,0.00,3.89
14961,0.00,0.00,0.00,3.79
14970,0.00,0.00,0.00,3.67
14984,0.00,0.00,0.00,3.55
14998,0.00,0.00,0.00,3.43
15011,0.00,0.00,0.00,3.29
15026,0.00,0.00,0.00,3.16
15034,0.00,0.00,0.00,3.03
15050,0.00,0.00,0.00,2.89
15063,0.00,0.00,0.00,2.73
15075,0.00,0.00,0.00,2.59
15092,0.00,0.00,0.00,2.43
15102,0.00,0.00,0.00,2.25
15116,0.00,0.00,0.00,2.10
15128,0.00,0.00,0.00,1.93
15141,0.00,0.00,0.00,1.74
15145,0.00,0.00,0.00,1.57
15169,0.00,0.00,0.00,1.38
15181,0.00,0.00,0.00,1.20
15192,0.00,0.00,0.00,1.00
15205,0.00,0.00,0.00,0.80
15219,0.00,0.00,0.00,0.60
15226,0.00,0.00,0.00,0.39
15242,0.00,0.00,0.00,0.18
15258,0.00,0.00,0.00,-0.01
15258,0.00,0.00,0.00,-0.25
15284,0.00,0.00,0.00,-0.47
15297,0.00,0.00,0.00,-0.68
15309,0.00,0.00,0.00,-0.93
15324,0.00,0.00,0.00,-1.16
15337,0.00,0.00,0.00,-1.38
15350,0.00,0.00,0.00,-1.62
15362,0.00,0.00,0.00,-1.89
15375,0.00,0.00,0.00,-2.12
15387,0.00,0.00,0.00,-2.37
15402,0.00,0.00,0.00,-2.64
15415,0.00,0.00,0.00,-2.88
15427,0.00,0.00,0.00,-3.14
15440,0.00,0.00,0.00,-3.43
15452,0.00,0.00,0.00,-3.68
15465,0.00,0.00,0.00,-3.95
15480,0.00,0.00,0.00,-4.22
15493,0.00,0.00,0.00,-4.50
15503,0.00,0.00,0.00,-4.78
15517,0.00,0.00,0.00,-5.06
15526,0.00,0.00,0.00,-5.34
15542,0.00,0.00,0.00,-5.63
15559,0.00,0.00,0.00,-5.92
15571,0.00,0.00,0.00,-6.21
15583,0.00,0.00,0.00,-6.51
15595,0.00,0.00,0.00,-6.80
15608,0.00,0.00,0.00,-7.08
15610,0.00,0.00,0.00,-7.40
15633,0.00,0.00,0.00,-7.71
15643,0.00,0.00,0.00,-7.99
15661,0.00,0.00,0.00,-8.32
15674,0.00,0.00,0.00,-8.63
15676,0.00,0.00,0.00,-8.92
15698,0.00,0.00,0.00,-9.25
15714,0.00,0.00,0.00,-9.57
15726,0.00,0.00,0.00,-9.86
15736,0.00,0.00,0.00,-10.20
15750,0.00,0.00,0.00,-10.51
15761,0.00,0.00,0.00,-10.81
15776,0.00,0.00,0.00,-11.13
15791,0.00,0.00,0.00,-11.47
15805,0.00,0.00,0.00,-11.77
15816,0.00,0.00,0.00,-12.09
15829,0.00,0.00,0.00,-12.44
15842,0.00,0.00,0.00,-12.77
15857,0.00,0.00,0.00,-13.07
15870,0.00,0.00,0.00,-13.42
15880,0.00,0.00,0.00,-13.74
15892,0.00,0.00,0.00,-14.05
15907,0.00,0.00,0.00,-14.40
15909,0.00,0.00,0.00,-14.72
15926,0.00,0.00,0.00,-15.05
15943,0.00,0.00,0.00,-15.35
15959,0.00,0.00,0.00,-15.70
15970,0.00,0.00,0.00,-16.03
15976,0.00,0.00,0.00,-16.33
15997,0.00,0.00,0.00,-16.68
16013,0.00,0.00,0.00,-17.01
16025,0.00,0.00,0.00,-17.31
16038,0.00,0.00,0.00,-17.66
16046,0.00,0.00,0.00,-17.98
16059,0.00,0.00,0.00,-18.30
16075,0.00,0.00,0.00,-18.60
16091,0.00,0.00,0.00,-18.94
16103,0.00,0.00,0.00,-19.26
16116,0.00,0.00,0.00,-19.56
16128,0.00,0.00,0.00,-19.90
16140,0.00,0.00,0.00,-20.22
16156,0.00,0.00,0.00,-20.51
16159,0.00,0.00,0.00,-20.84
16175,0.00,0.00,0.00,-21.16
16190,0.00,0.00,0.00,-21.47
16206,0.00,0.00,0.00,-21.77
16218,0.00,0.00,0.00,-22.08
16234,0.00,0.00,0.00,-22.39
16246,0.00,0.00,0.00,-22.67
16259,0.00,0.00,0.00,-22.99
16272,0.00,0.00,0.00,-23.29
16283,0.00,0.00,0.00,-23.56
16300,0.00,0.00,0.00,-23.88
16312,0.00,0.00,0.00,-24.17
16325,0.00,0.00,0.00,-24.46
16337,0.00,0.00,0.00,-24.75
16349,0.00,0.00,0.00,-25.03
16361,0.00,0.00,0.00,-25.31
16377,0.00,0.00,0.00,-25.57
16390,0.00,0.00,0.00,-25.86
16402,0.00,0.00,0.00,-26.14
16415,0.00,0.00,0.00,-26.39
16427,0.00,0.00,0.00,-26.67
16440,0.00,0.00,0.00,-26.94
16456,0.00,0.00,0.00,-27.20
16468,0.00,0.00,0.00,-27.46
16481,0.00,0.00,0.00,-27.71
16493,0.00,0.00,0.00,-27.96
16505,0.00,0.00,0.00,-28.21
16521,0.00,0.00,0.00,-28.45
16533,0.00,0.00,0.00,-28.69
16543,0.00,0.00,0.00,-28.91
16558,0.00,0.00,0.00,-29.16
16564,0.00,0.00,0.00,-29.39
16577,0.00,0.00,0.00,-29.61
16599,0.00,0.00,0.00,-29.83
16611,0.00,0.00,0.00,-30.05
16624,0.00,0.00,0.00,-30.27
16636,0.00,0.00,0.00,-30.47
16648,0.00,0.00,0.00,-30.68
16661,0.00,0.00,0.00,-30.88
16676,0.00,0.00,0.00,-31.06
16689,0.00,0.00,0.00,-31.27
16701,0.00,0.00,0.00,-31.46
16714,0.00,0.00,0.00,-31.64
16726,0.00,0.00,0.00,-31.82
16742,0.00,0.00,0.00,-31.99
16755,0.00,0.00,0.00,-32.16
16767,0.00,0.00,0.00,-32.33
16780,0.00,0.00,0.00,-32.49
16792,0.00,0.00,0.00,-32.65
16804,0.00,0.00,0.00,-32.80
16820,0.00,0.00,0.00,-32.94
16833,0.00,0.00,0.00,-33.09
16844,0.00,0.00,0.00,-33.22
16857,0.00,0.00,0.00,-33.36
16870,0.00,0.00,0.00,-33.48
16882,0.00,0.00,0.00,-33.60
16898,0.00,0.00,0.00,-33.72
16910,0.00,0.00,0.00,-33.83
16923,0.00,0.00,0.00,-33.94
16935,0.00,0.00,0.00,-34.04
16947,0.00,0.00,0.00,-34.14
16963,0.00,0.00,0.00,-34.23
16975,0.00,0.00,0.00,-34.33
16988,0.00,0.00,0.00,-34.40
17001,0.00,0.00,0.00,-34.48
17013,0.00,0.00,0.00,-34.55
17026,0.00,0.00,0.00,-34.62
17042,0.00,0.00,0.00,-34.68
17054,0.00,0.00,0.00,-34.73
17066,0.00,0.00,0.00,-34.78
17079,0.00,0.00,0.00,-34.83
17091,0.00,0.00,0.00,-34.87
17103,0.00,0.00,0.00,-34.90
17119,0.00,0.00,0.00,-34.93
17132,0.00,0.00,0.00,-34.96
17144,0.00,0.00,0.00,-34.98
17156,0.00,0.00,0.00,-34.99
17169,0.00,0.00,0.00,-35.00
17185,0.00,0.00,0.00,-35.00
17197,0.00,0.00,0.00,-35.00
17209,0.00,0.00,0.00,-34.99
17222,0.00,0.00,0.00,-34.98
17235,0.00,0.00,0.00,-34.96
17246,0.00,0.00,0.00,-34.93
17262,0.00,0.00,0.00,-34.90
17274,0.00,0.00,0.00,-34.87
17287,0.00,0.00,0.00,-34.83
17300,0.00,0.00,0.00,-34.78
17312,0.00,0.00,0.00,-34.73
17328,0.00,0.00,0.00,-34.68
17340,0.00,0.00,0.00,-34.62
17353,0.00,0.00,0.00,-34.55
17365,0.00,0.00,0.00,-34.47
17377,0.00,0.00,0.00,-34.40
17390,0.00,0.00,0.00,-34.32
17406,0.00,0.00,0.00,-34.23
17419,0.00,0.00,0.00,-34.14
17431,0.00,0.00,0.00,-34.04
17444,0.00,0.00,0.00,-33.94
17457,0.00,0.00,0.00,-33.83
17468,0.00,0.00,0.00,-33.72
17483,0.00,0.00,0.00,-33.60
17496,0.00,0.00,0.00,-33.47
17508,0.00,0.00,0.00,-33.36
17521,0.00,0.00,0.00,-33.22
17534,0.00,0.00,0.00,-33.08
17549,0.00,0.00,0.00,-32.94
17562,0.00,0.00,0.00,-32.80
17575,0.00,0.00,0.00,-32.63
17589,0.00,0.00,0.00,-32.48
17601,0.00,0.00,0.00,-32.33
17611,0.00,0.00,0.00,-32.16
17626,0.00,0.00,0.00,-31.98
17640,0.00,0.00,0.00,-31.82
17652,0.00,0.00,0.00,-31.64
17664,0.00,0.00,0.00,-31.44
17676,0.00,0.00,0.00,-31.25
17689,0.00,0.00,0.00,-31.08
17705,0.00,0.00,0.00,-30.86
17717,0.00,0.00,0.00,-30.66
17730,0.00,0.00,0.00,-30.47
17742,0.00,0.00,0.00,-30.27
17754,0.00,0.00,0.00,-30.04
17771,0.00,0.00,0.00,-29.83
17783,0.00,0.00,0.00,-29.61
17795,0.00,0.00,0.00,-29.37
17807,0.00,0.00,0.00,-29.14
17820,0.00,0.00,0.00,-28.93
17832,0.00,0.00,0.00,-28.67
17848,0.00,0.00,0.00,-28.43
17860,0.00,0.00,0.00,-28.21
17873,0.00,0.00,0.00,-27.94
17887,0.00,0.00,0.00,-27.69
17899,0.00,0.00,0.00,-27.46
17913,0.00,0.00,0.00,-27.20
17926,0.00,0.00,0.00,-26.92
17939,0.00,0.00,0.00,-26.65
17950,0.00,0.00,0.00,-26.41
17963,0.00,0.00,0.00,-26.12
17975,0.00,0.00,0.00,-25.84
17991,0.00,0.00,0.00,-25.59
18004,0.00,0.00,0.00,-25.29
18016,0.00,0.00,0.00,-25.01
18029,0.00,0.00,0.00,-24.75
18041,0.00,0.00,0.00,-24.46
18055,0.00,0.00,0.00,-24.15
18069,0.00,0.00,0.00,-23.86
18082,0.00,0.00,0.00,-23.58
18094,0.00,0.00,0.00,-23.26
18107,0.00,0.00,0.00,-22.97
18121,0.00,0.00,0.00,-22.69
18135,0.00,0.00,0.00,-22.36
18147,0.00,0.00,0.00,-22.06
18160,0.00,0.00,0.00,-21.75
18172,0.00,0.00,0.00,-21.44
18185,0.00,0.00,0.00,-21.13
18197,0.00,0.00,0.00,-20.82
18205,0.00,0.00,0.00,-20.53
18225,0.00,0.00,0.00,-20.19
18238,0.00,0.00,0.00,-19.88
18246,0.00,0.00,0.00,-19.58
18255,0.00,0.00,0.00,-19.24
18272,0.00,0.00,0.00,-18.92
18291,0.00,0.00,0.00,-18.60
18303,0.00,0.00,0.00,-18.28
18314,0.00,0.00,0.00,-17.95
18328,0.00,0.00,0.00,-17.63
18340,0.00,0.00,0.00,-17.31
18356,0.00,0.00,0.00,-16.98
18369,0.00,0.00,0.00,-16.66
18382,0.00,0.00,0.00,-16.33
18395,0.00,0.00,0.00,-16.00
18405,0.00,0.00,0.00,-15.68
18416,0.00,0.00,0.00,-15.35
18425,0.00,0.00,0.00,-15.03
18447,0.00,0.00,0.00,-14.70
18460,0.00,0.00,0.00,-14.37
18473,0.00,0.00,0.00,-14.05
18485,0.00,0.00,0.00,-13.72
18500,0.00,0.00,0.00,-13.39
18510,0.00,0.00,0.00,-13.07
18525,0.00,0.00,0.00,-12.74
18539,0.00,0.00,0.00,-12.42
18550,0.00,0.00,0.00,-12.09
18561,0.00,0.00,0.00,-11.77
18576,0.00,0.00,0.00,-11.45
18589,0.00,0.00,0.00,-11.13
18602,0.00,0.00,0.00,-10.81
18614,0.00,0.00,0.00,-10.49
18622,0.00,0.00,0.00,-10.17
18639,0.00,0.00,0.00,-9.83
18655,0.00,0.00,0.00,-9.54
18669,0.00,0.00,0.00,-9.23
18680,0.00,0.00,0.00,-8.92
18693,0.00,0.00,0.00,-8.60
18705,0.00,0.00,0.00,-8.30
18717,0.00,0.00,0.00,-7.99
18733,0.00,0.00,0.00,-7.68
18743,0.00,0.00,0.00,-7.38
18758,0.00,0.00,0.00,-7.08
18770,0.00,0.00,0.00,-6.78
18782,0.00,0.00,0.00,-6.48
18794,0.00,0.00,0.00,-6.21
18811,0.00,0.00,0.00,-5.92
18823,0.00,0.00,0.00,-5.61
18836,0.00,0.00,0.00,-5.34
18848,0.00,0.00,0.00,-5.06
18860,0.00,0.00,0.00,-4.75
18872,0.00,0.00,0.00,-4.50
18889,0.00,0.00,0.00,-4.22
18902,0.00,0.00,0.00,-3.93
18914,0.00,0.00,0.00,-3.68
18928,0.00,0.00,0.00,-3.41
18939,0.00,0.00,0.00,-3.12
18951,0.00,0.00,0.00,-2.88
18966,0.00,0.00,0.00,-2.62
18979,0.00,0.00,0.00,-2.37
18991,0.00,0.00,0.00,-2.12
19004,0.00,0.00,0.00,-1.87
19016,0.00,0.00,0.00,-1.62
19028,0.00,0.00,0.00,-1.38
19044,0.00,0.00,0.00,-1.15
19056,0.00,0.00,0.00,-0.91
19068,0.00,0.00,0.00,-0.68
19081,0.00,0.00,0.00,-0.46
19093,0.00,0.00,0.00,-0.23
19105,0.00,0.00,0.00,-0.03
19121,0.00,0.00,0.00,0.20
19134,0.00,0.00,0.00,0.39
19147,0.00,0.00,0.00,0.60
19162,0.00,0.00,0.00,0.82
19172,0.00,0.00,0.00,1.00
19184,0.00,0.00,0.00,1.20
19199,0.00,0.00,0.00,1.40
19212,0.00,0.00,0.00,1.57
19225,0.00,0.00,0.00,1.75
19236,0.00,0.00,0.00,1.94
19249,0.00,0.00,0.00,2.10
19261,0.00,0.00,0.00,2.27
19277,0.00,0.00,0.00,2.43
19290,0.00,0.00,0.00,2.59
19302,0.00,0.00,0.00,2.74
19315,0.00,0.00,0.00,2.89
19327,0.00,0.00,0.00,3.03
19339,0.00,0.00,0.00,3.17
19355,0.00,0.00,0.00,3.30
19368,0.00,0.00,0.00,3.43
19380,0.00,0.00,0.00,3.56
19393,0.00,0.00,0.00,3.67
19405,0.00,0.00,0.00,3.78
19417,0.00,0.00,0.00,3.90
19430,0.00,0.00,0.00,4.00
19445,0.00,0.00,0.00,4.10
19458,0.00,0.00,0.00,4.20
19470,0.00,0.00,0.00,4.28
19482,0.00,0.00,0.00,4.37
19495,0.00,0.00,0.00,4.45
19507,0.00,0.00,0.00,4.52
19523,0.00,0.00,0.00,4.59
19535,0.00,0.00,0.00,4.65
19548,0.00,0.00,0.00,4.71
19560,0.00,0.00,0.00,4.76
19572,0.00,0.00,0.00,4.81
19585,0.00,0.00,0.00,4.85
19601,0.00,0.00,0.00,4.89
19607,0.00,0.00,0.00,4.92
19627,0.00,0.00,0.00,4.95
19638,0.00,0.00,0.00,4.97
19650,0.00,0.00,0.00,4.98
19662,0.00,0.00,0.00,4.99
19678,0.00,0.00,0.00,5.00
19691,0.00,0.00,0.00,5.00
19704,0.00,0.00,0.00,4.99
19716,0.00,0.00,0.00,4.98
19728,0.00,0.00,0.00,4.97
19741,0.00,0.00,0.00,4.95
19757,0.00,0.00,0.00,4.92
19769,0.00,0.00,0.00,4.89
19782,0.00,0.00,0.00,4.85
19794,0.00,0.00,0.00,4.81
19807,0.00,0.00,0.00,4.76
19819,0.00,0.00,0.00,4.71
19836,0.00,0.00,0.00,4.65
19847,0.00,0.00,0.00,4.59
19859,0.00,0.00,0.00,4.52
19871,0.00,0.00,0.00,4.44
19884,0.00,0.00,0.00,4.37
19898,0.00,0.00,0.00,4.28
19913,0.00,0.00,0.00,4.19
19925,0.00,0.00,0.00,4.10
19937,0.00,0.00,0.00,4.00
19949,0.00,0.00,0.00,3.89
19962,0.00,0.00,0.00,3.79
19974,0.00,0.00,0.00,3.67
19990,0.00,0.00,0.00,3.55
20002,0.00,0.00,0.00,3.43
20004,0.00,0.00,0.00,3.29
20028,0.00,0.00,0.00,3.16
20040,0.00,0.00,0.00,3.03
20052,0.00,0.00,0.00,2.88
20068,0.00,0.00,0.00,2.73
20080,0.00,0.00,0.00,2.59
20093,0.00,0.00,0.00,2.42
20105,0.00,0.00,0.00,2.25
20118,0.00,0.00,0.00,2.10
20130,0.00,0.00,0.00,1.93
20146,0.00,0.00,0.00,1.74
20155,0.00,0.00,0.00,1.57
20170,0.00,0.00,0.00,1.38
20183,0.00,0.00,0.00,1.18
20195,0.00,0.00,0.00,1.00
20208,0.00,0.00,0.00,0.80
20223,0.00,0.00,0.00,0.60
20235,0.00,0.00,0.00,0.39
20248,0.00,0.00,0.00,0.18
20260,0.00,0.00,0.00,-0.01
20273,0.00,0.00,0.00,-0.25
20286,0.00,0.00,0.00,-0.47
20301,0.00,0.00,0.00,-0.68
20313,0.00,0.00,0.00,-0.93
20326,0.00,0.00,0.00,-1.16
20339,0.00,0.00,0.00,-1.38
20351,0.00,0.00,0.00,-1.64
20363,0.00,0.00,0.00,-1.89
20379,0.00,0.00,0.00,-2.12
20391,0.00,0.00,0.00,-2.39
20404,0.00,0.00,0.00,-2.64
20416,0.00,0.00,0.00,-2.88
20429,0.00,0.00,0.00,-3.14
20441,0.00,0.00,0.00,-3.43
20457,0.00,0.00,0.00,-3.68
20469,0.00,0.00,0.00,-3.95
20482,0.00,0.00,0.00,-4.24
20494,0.00,0.00,0.00,-4.50
20507,0.00,0.00,0.00,-4.78
20519,0.00,0.00,0.00,-5.08
20535,0.00,0.00,0.00,-5.34
20547,0.00,0.00,0.00,-5.63
20559,0.00,0.00,0.00,-5.92
20572,0.00,0.00,0.00,-6.21
20584,0.00,0.00,0.00,-6.51
20597,0.00,0.00,0.00,-6.80
20613,0.00,0.00,0.00,-7.10
20625,0.00,0.00,0.00,-7.40
20638,0.00,0.00,0.00,-7.71
20650,0.00,0.00,0.00,-8.01
20662,0.00,0.00,0.00,-8.32
20675,0.00,0.00,0.00,-8.63
20691,0.00,0.00,0.00,-8.94
20703,0.00,0.00,0.00,-9.25
20716,0.00,0.00,0.00,-9.57
20728,0.00,0.00,0.00,-9.86
20740,0.00,0.00,0.00,-10.20
20756,0.00,0.00,0.00,-10.51
20768,0.00,0.00,0.00,-10.81
20781,0.00,0.00,0.00,-11.15
20793,0.00,0.00,0.00,-11.47
20805,0.00,0.00,0.00,-11.77
20818,0.00,0.00,0.00,-12.12
20834,0.00,0.00,0.00,-12.44
20846,0.00,0.00,0.00,-12.74
20859,0.00,0.00,0.00,-13.07
20871,0.00,0.00,0.00,-13.42
20884,0.00,0.00,0.00,-13.74
20896,0.00,0.00,0.00,-14.05
20912,0.00,0.00,0.00,-14.40
20924,0.00,0.00,0.00,-14.72
20937,0.00,0.00,0.00,-15.03
20948,0.00,0.00,0.00,-15.38
20961,0.00,0.00,0.00,-15.70
20977,0.00,0.00,0.00,-16.03
20989,0.00,0.00,0.00,-16.36
21002,0.00,0.00,0.00,-16.68
21014,0.00,0.00,0.00,-17.01
21027,0.00,0.00,0.00,-17.31
21040,0.00,0.00,0.00,-17.66
21055,0.00,0.00,0.00,-17.98
21068,0.00,0.00,0.00,-18.28
21080,0.00,0.00,0.00,-18.62
21093,0.00,0.00,0.00,-18.94
21104,0.00,0.00,0.00,-19.26
21118,0.00,0.00,0.00,-19.58
21133,0.00,0.00,0.00,-19.90
21146,0.00,0.00,0.00,-20.22
21158,0.00,0.00,0.00,-20.51
21171,0.00,0.00,0.00,-20.84
21183,0.00,0.00,0.00,-21.16
21199,0.00,0.00,0.00,-21.44
21211,0.00,0.00,0.00,-21.77
21223,0.00,0.00,0.00,-22.08
21235,0.00,0.00,0.00,-22.36
21248,0.00,0.00,0.00,-22.69
21260,0.00,0.00,0.00,-22.99
21277,0.00,0.00,0.00,-23.29
21288,0.00,0.00,0.00,-23.58
21301,0.00,0.00,0.00,-23.88
21313,0.00,0.00,0.00,-24.17
21326,0.00,0.00,0.00,-24.44
21338,0.00,0.00,0.00,-24.75
21354,0.00,0.00,0.00,-25.03
21367,0.00,0.00,0.00,-25.29
21379,0.00,0.00,0.00,-25.59
21391,0.00,0.00,0.00,-25.86
21404,0.00,0.00,0.00,-26.14
21420,0.00,0.00,0.00,-26.41
21432,0.00,0.00,0.00,-26.67
21445,0.00,0.00,0.00,-26.94
21457,0.00,0.00,0.00,-27.18
21469,0.00,0.00,0.00,-27.46
21481,0.00,0.00,0.00,-27.71
21497,0.00,0.00,0.00,-27.94
21510,0.00,0.00,0.00,-28.21
21522,0.00,0.00,0.00,-28.45
21535,0.00,0.00,0.00,-28.69
21547,0.00,0.00,0.00,-28.93
21562,0.00,0.00,0.00,-29.16
21575,0.00,0.00,0.00,-29.39
21588,0.00,0.00,0.00,-29.61
21600,0.00,0.00,0.00,-29.83
21612,0.00,0.00,0.00,-30.05
21625,0.00,0.00,0.00,-30.27
21641,0.00,0.00,0.00,-30.47
21653,0.00,0.00,0.00,-30.68
21666,0.00,0.00,0.00,-30.88
21678,0.00,0.00,0.00,-31.08
21691,0.00,0.00,0.00,-31.27
21704,0.00,0.00,0.00,-31.46
21719,0.00,0.00,0.00,-31.64
21732,0.00,0.00,0.00,-31.82
21744,0.00,0.00,0.00,-31.99
21757,0.00,0.00,0.00,-32.15
21771,0.00,0.00,0.00,-32.33
21784,0.00,0.00,0.00,-32.49
21796,0.00,0.00,0.00,-32.65
21808,0.00,0.00,0.00,-32.80
21821,0.00,0.00,0.00,-32.94
21834,0.00,0.00,0.00,-33.09
21846,0.00,0.00,0.00,-33.22
21857,0.00,0.00,0.00,-33.36
21869,0.00,0.00,0.00,-33.48
21885,0.00,0.00,0.00,-33.60
21900,0.00,0.00,0.00,-33.72
21910,0.00,0.00,0.00,-33.83
21917,0.00,0.00,0.00,-33.94
21937,0.00,0.00,0.00,-34.04
21953,0.00,0.00,0.00,-34.14
21966,0.00,0.00,0.00,-34.23
21978,0.00,0.00,0.00,-34.32
21990,0.00,0.00,0.00,-34.40
22001,0.00,0.00,0.00,-34.48
22018,0.00,0.00,0.00,-34.55
22030,0.00,0.00,0.00,-34.62
22042,0.00,0.00,0.00,-34.68
22054,0.00,0.00,0.00,-34.74
22067,0.00,0.00,0.00,-34.78
22082,0.00,0.00,0.00,-34.83
22096,0.00,0.00,0.00,-34.87
22108,0.00,0.00,0.00,-34.90
22121,0.00,0.00,0.00,-34.93
22133,0.00,0.00,0.00,-34.96
22146,0.00,0.00,0.00,-34.98
22161,0.00,0.00,0.00,-34.99
22174,0.00,0.00,0.00,-35.00
22186,0.00,0.00,0.00,-35.00
22200,0.00,0.00,0.00,-35.00
22211,0.00,0.00,0.00,-34.99
22223,0.00,0.00,0.00,-34.98
22239,0.00,0.00,0.00,-34.96
22251,0.00,0.00,0.00,-34.93
22264,0.00,0.00,0.00,-34.90
22276,0.00,0.00,0.00,-34.87
22288,0.00,0.00,0.00,-34.83
22304,0.00,0.00,0.00,-34.78
22317,0.00,0.00,0.00,-34.73
22329,0.00,0.00,0.00,-34.68
22341,0.00,0.00,0.00,-34.62
22353,0.00,0.00,0.00,-34.55
22366,0.00,0.00,0.00,-34.48
22382,0.00,0.00,0.00,-34.40
22394,0.00,0.00,0.00,-34.32
22406,0.00,0.00,0.00,-34.23
22420,0.00,0.00,0.00,-34.14
22432,0.00,0.00,0.00,-34.04
22448,0.00,0.00,0.00,-33.93
22460,0.00,0.00,0.00,-33.83
22472,0.00,0.00,0.00,-33.72
22484,0.00,0.00,0.00,-33.60
22497,0.00,0.00,0.00,-33.48
22509,0.00,0.00,0.00,-33.36
22526,0.00,0.00,0.00,-33.22
22538,0.00,0.00,0.00,-33.08
22550,0.00,0.00,0.00,-32.94
22563,0.00,0.00,0.00,-32.80
22575,0.00,0.00,0.00,-32.63
22587,0.00,0.00,0.00,-32.49
22604,0.00,0.00,0.00,-32.33
22616,0.00,0.00,0.00,-32.15
22628,0.00,0.00,0.00,-31.99
22640,0.00,0.00,0.00,-31.82
22653,0.00,0.00,0.00,-31.63
22669,0.00,0.00,0.00,-31.44
22681,0.00,0.00,0.00,-31.27
22694,0.00,0.00,0.00,-31.08
22708,0.00,0.00,0.00,-30.86
22718,0.00,0.00,0.00,-30.68
22732,0.00,0.00,0.00,-30.47
22747,0.00,0.00,0.00,-30.25
22759,0.00,0.00,0.00,-30.04
22771,0.00,0.00,0.00,-29.83
22784,0.00,0.00,0.00,-29.60
22797,0.00,0.00,0.00,-29.37
22812,0.00,0.00,0.00,-29.16
22824,0.00,0.00,0.00,-28.91
22837,0.00,0.00,0.00,-28.67
22849,0.00,0.00,0.00,-28.45
22863,0.00,0.00,0.00,-28.21
22875,0.00,0.00,0.00,-27.94
22890,0.00,0.00,0.00,-27.69
22903,0.00,0.00,0.00,-27.46
22915,0.00,0.00,0.00,-27.18
22927,0.00,0.00,0.00,-26.92
22940,0.00,0.00,0.00,-26.67
22952,0.00,0.00,0.00,-26.39
22968,0.00,0.00,0.00,-26.12
22981,0.00,0.00,0.00,-25.86
22993,0.00,0.00,0.00,-25.59
23005,0.00,0.00,0.00,-25.29
23017,0.00,0.00,0.00,-25.01
23033,0.00,0.00,0.00,-24.74
23047,0.00,0.00,0.00,-24.44
23058,0.00,0.00,0.00,-24.15
23071,0.00,0.00,0.00,-23.88
23083,0.00,0.00,0.00,-23.56
23096,0.00,0.00,0.00,-23.26
23111,0.00,0.00,0.00,-22.99
23124,0.00,0.00,0.00,-22.67
23136,0.00,0.00,0.00,-22.36
23148,0.00,0.00,0.00,-22.06
23156,0.00,0.00,0.00,-21.77
23173,0.00,0.00,0.00,-21.44
23189,0.00,0.00,0.00,-21.13
23199,0.00,0.00,0.00,-20.84
23214,0.00,0.00,0.00,-20.51
23215,0.00,0.00,0.00,-20.19
23240,0.00,0.00,0.00,-19.88
23254,0.00,0.00,0.00,-19.56
23267,0.00,0.00,0.00,-19.24
23279,0.00,0.00,0.00,-18.92
23292,0.00,0.00,0.00,-18.62
23304,0.00,0.00,0.00,-18.28
23317,0.00,0.00,0.00,-17.95
23332,0.00,0.00,0.00,-17.66
23345,0.00,0.00,0.00,-17.31
23357,0.00,0.00,0.00,-16.98
23369,0.00,0.00,0.00,-16.66
23381,0.00,0.00,0.00,-16.33
23398,0.00,0.00,0.00,-16.00
23410,0.00,0.00,0.00,-15.68
23423,0.00,0.00,0.00,-15.35
23435,0.00,0.00,0.00,-15.03
23448,0.00,0.00,0.00,-14.70
23460,0.00,0.00,0.00,-14.37
23476,0.00,0.00,0.00,-14.05
23488,0.00,0.00,0.00,-13.72
23500,0.00,0.00,0.00,-13.39
23513,0.00,0.00,0.00,-13.07
23525,0.00,0.00,0.00,-12.74
23538,0.00,0.00,0.00,-12.42
23554,0.00,0.00,0.00,-12.09
23566,0.00,0.00,0.00,-11.77
23578,0.00,0.00,0.00,-11.45
23590,0.00,0.00,0.00,-11.10
23603,0.00,0.00,0.00,-10.81
23619,0.00,0.00,0.00,-10.49
23631,0.00,0.00,0.00,-10.17
23644,0.00,0.00,0.00,-9.86
23656,0.00,0.00,0.00,-9.54
23669,0.00,0.00,0.00,-9.23
23681,0.00,0.00,0.00,-8.92
23696,0.00,0.00,0.00,-8.60
23709,0.00,0.00,0.00,-8.30
23721,0.00,0.00,0.00,-7.99
23734,0.00,0.00,0.00,-7.68
23746,0.00,0.00,0.00,-7.38
23758,0.00,0.00,0.00,-7.10
23774,0.00,0.00,0.00,-6.78
23788,0.00,0.00,0.00,-6.48
23800,0.00,0.00,0.00,-6.21
23813,0.00,0.00,0.00,-5.90
23824,0.00,0.00,0.00,-5.61
23836,0.00,0.00,0.00,-5.34
23852,0.00,0.00,0.00,-5.04
23865,0.00,0.00,0.00,-4.75
23877,0.00,0.00,0.00,-4.50
23890,0.00,0.00,0.00,-4.22
23902,0.00,0.00,0.00,-3.95
23914,0.00,0.00,0.00,-3.68
23930,0.00,0.00,0.00,-3.41
23943,0.00,0.00,0.00,-3.14
23955,0.00,0.00,0.00,-2.88
23968,0.00,0.00,0.00,-2.62
23980,0.00,0.00,0.00,-2.37
23982,0.00,0.00,0.00,-2.12
24006,0.00,0.00,0.00,-1.87
24016,0.00,0.00,0.00,-1.62
24033,0.00,0.00,0.00,-1.38
24046,0.00,0.00,0.00,-1.15
24057,0.00,0.00,0.00,-0.93
24071,0.00,0.00,0.00,-0.68
24082,0.00,0.00,0.00,-0.46
24099,0.00,0.00,0.00,-0.25
24111,0.00,0.00,0.00,-0.01
24123,0.00,0.00,0.00,0.20
24136,0.00,0.00,0.00,0.39
24148,0.00,0.00,0.00,0.62
24160,0.00,0.00,0.00,0.82
24176,0.00,0.00,0.00,1.00
24189,0.00,0.00,0.00,1.20
24198,0.00,0.00,0.00,1.38
24214,0.00,0.00,0.00,1.57
24223,0.00,0.00,0.00,1.75
24240,0.00,0.00,0.00,1.93
24247,0.00,0.00,0.00,2.10
24264,0.00,0.00,0.00,2.27
24281,0.00,0.00,0.00,2.43
24292,0.00,0.00,0.00,2.59
24301,0.00,0.00,0.00,2.74
24314,0.00,0.00,0.00,2.88
24332,0.00,0.00,0.00,3.03
24347,0.00,0.00,0.00,3.17
24357,0.00,0.00,0.00,3.29
24369,0.00,0.00,0.00,3.43
24381,0.00,0.00,0.00,3.56
24393,0.00,0.00,0.00,3.67
24410,0.00,0.00,0.00,3.79
24422,0.00,0.00,0.00,3.90
24435,0.00,0.00,0.00,4.00
24447,0.00,0.00,0.00,4.10
24457,0.00,0.00,0.00,4.20
24467,0.00,0.00,0.00,4.28
24488,0.00,0.00,0.00,4.37
24498,0.00,0.00,0.00,4.44
24513,0.00,0.00,0.00,4.52
24525,0.00,0.00,0.00,4.59
24537,0.00,0.00,0.00,4.65
24549,0.00,0.00,0.00,4.71
24565,0.00,0.00,0.00,4.76
24578,0.00,0.00,0.00,4.81
24590,0.00,0.00,0.00,4.85
24603,0.00,0.00,0.00,4.89
24614,0.00,0.00,0.00,4.92
24627,0.00,0.00,0.00,4.95
24643,0.00,0.00,0.00,4.97
24655,0.00,0.00,0.00,4.98
24669,0.00,0.00,0.00,4.99
24683,0.00,0.00,0.00,5.00
24692,0.00,0.00,0.00,5.00
24705,0.00,0.00,0.00,4.99
24721,0.00,0.00,0.00,4.98
24732,0.00,0.00,0.00,4.97
24746,0.00,0.00,0.00,4.95
24751,0.00,0.00,0.00,4.92
24765,0.00,0.00,0.00,4.89
24783,0.00,0.00,0.00,4.85
24798,0.00,0.00,0.00,4.81
24811,0.00,0.00,0.00,4.76
24824,0.00,0.00,0.00,4.71
24836,0.00,0.00,0.00,4.65
24848,0.00,0.00,0.00,4.59
24861,0.00,0.00,0.00,4.52
24865,0.00,0.00,0.00,4.44
24889,0.00,0.00,0.00,4.37
24899,0.00,0.00,0.00,4.28
24913,0.00,0.00,0.00,4.19
24927,0.00,0.00,0.00,4.10
24939,0.00,0.00,0.00,4.00
24951,0.00,0.00,0.00,3.89
24967,0.00,0.00,0.00,3.78
24980,0.00,0.00,0.00,3.67
24989,0.00,0.00,0.00,3.55
25003,0.00,0.00,0.00,3.42
25016,0.00,0.00,0.00,3.29
25032,0.00,0.00,0.00,3.17
25044,0.00,0.00,0.00,3.02
25057,0.00,0.00,0.00,2.88
25067,0.00,0.00,0.00,2.74
25081,0.00,0.00,0.00,2.59
25094,0.00,0.00,0.00,2.42
25106,0.00,0.00,0.00,2.27
25123,0.00,0.00,0.00,2.10
25135,0.00,0.00,0.00,1.91
25147,0.00,0.00,0.00,1.75
25160,0.00,0.00,0.00,1.57
25173,0.00,0.00,0.00,1.37
25187,0.00,0.00,0.00,1.20
25200,0.00,0.00,0.00,1.00
25212,0.00,0.00,0.00,0.80
25225,0.00,0.00,0.00,0.60
25238,0.00,0.00,0.00,0.39
25249,0.00,0.00,0.00,0.18
25266,0.00,0.00,0.00,-0.03
25279,0.00,0.00,0.00,-0.25
25291,0.00,0.00,0.00,-0.47
25303,0.00,0.00,0.00,-0.70
25316,0.00,0.00,0.00,-0.93
25327,0.00,0.00,0.00,-1.16
25344,0.00,0.00,0.00,-1.38
25356,0.00,0.00,0.00,-1.64
25368,0.00,0.00,0.00,-1.89
25381,0.00,0.00,0.00,-2.12
25393,0.00,0.00,0.00,-2.39
25405,0.00,0.00,0.00,-2.64
25421,0.00,0.00,0.00,-2.88
25433,0.00,0.00,0.00,-3.16
25446,0.00,0.00,0.00,-3.43
25458,0.00,0.00,0.00,-3.68
25471,0.00,0.00,0.00,-3.97
25483,0.00,0.00,0.00,-4.24
25499,0.00,0.00,0.00,-4.50
25511,0.00,0.00,0.00,-4.78
25524,0.00,0.00,0.00,-5.06
25536,0.00,0.00,0.00,-5.34
25548,0.00,0.00,0.00,-5.63
25563,0.00,0.00,0.00,-5.92
25577,0.00,0.00,0.00,-6.21
25589,0.00,0.00,0.00,-6.51
25603,0.00,0.00,0.00,-6.80
25616,0.00,0.00,0.00,-7.10
25627,0.00,0.00,0.00,-7.40
25639,0.00,0.00,0.00,-7.68
25655,0.00,0.00,0.00,-8.01
25667,0.00,0.00,0.00,-8.32
25679,0.00,0.00,0.00,-8.60
25692,0.00,0.00,0.00,-8.94
25704,0.00,0.00,0.00,-9.25
25716,0.00,0.00,0.00,-9.54
25733,0.00,0.00,0.00,-9.88
25745,0.00,0.00,0.00,-10.20
25758,0.00,0.00,0.00,-10.49
25770,0.00,0.00,0.00,-10.83
25782,0.00,0.00,0.00,-11.15
25795,0.00,0.00,0.00,-11.45
25810,0.00,0.00,0.00,-11.77
25823,0.00,0.00,0.00,-12.12
25829,0.00,0.00,0.00,-12.44
25848,0.00,0.00,0.00,-12.74
25860,0.00,0.00,0.00,-13.09
25876,0.00,0.00,0.00,-13.42
25889,0.00,0.00,0.00,-13.72
25901,0.00,0.00,0.00,-14.07
25913,0.00,0.00,0.00,-14.40
25925,0.00,0.00,0.00,-14.72
25931,0.00,0.00,0.00,-15.03
25954,0.00,0.00,0.00,-15.38
25962,0.00,0.00,0.00,-15.70
25979,0.00,0.00,0.00,-16.00
25987,0.00,0.00,0.00,-16.36
25997,0.00,0.00,0.00,-16.68
26013,0.00,0.00,0.00,-16.98
26032,0.00,0.00,0.00,-17.33
26044,0.00,0.00,0.00,-17.66
26054,0.00,0.00,0.00,-17.98
26069,0.00,0.00,0.00,-18.30
26080,0.00,0.00,0.00,-18.62
26096,0.00,0.00,0.00,-18.94
26110,0.00,0.00,0.00,-19.24
26122,0.00,0.00,0.00,-19.58
26134,0.00,0.00,0.00,-19.90
26147,0.00,0.00,0.00,-20.19
26159,0.00,0.00,0.00,-20.53
26175,0.00,0.00,0.00,-20.84
26180,0.00,0.00,0.00,-21.16
26194,0.00,0.00,0.00,-21.47
26211,0.00,0.00,0.00,-21.77
26214,0.00,0.00,0.00,-22.08
26237,0.00,0.00,0.00,-22.36
26248,0.00,0.00,0.00,-22.69
26261,0.00,0.00,0.00,-22.99
26277,0.00,0.00,0.00,-23.26
26294,0.00,0.00,0.00,-23.58
26304,0.00,0.00,0.00,-23.88
26318,0.00,0.00,0.00,-24.17
26330,0.00,0.00,0.00,-24.46
26343,0.00,0.00,0.00,-24.75
26356,0.00,0.00,0.00,-25.03
26368,0.00,0.00,0.00,-25.31
26380,0.00,0.00,0.00,-25.59
26396,0.00,0.00,0.00,-25.86
26409,0.00,0.00,0.00,-26.12
26421,0.00,0.00,0.00,-26.41
26433,0.00,0.00,0.00,-26.67
26444,0.00,0.00,0.00,-26.94
26461,0.00,0.00,0.00,-27.20
26474,0.00,0.00,0.00,-27.46
26478,0.00,0.00,0.00,-27.71
26500,0.00,0.00,0.00,-27.96
26514,0.00,0.00,0.00,-28.21
26525,0.00,0.00,0.00,-28.45
26539,0.00,0.00,0.00,-28.69
26552,0.00,0.00,0.00,-28.93
26564,0.00,0.00,0.00,-29.16
26576,0.00,0.00,0.00,-29.39
26589,0.00,0.00,0.00,-29.61
26601,0.00,0.00,0.00,-29.83
26616,0.00,0.00,0.00,-30.05
26628,0.00,0.00,0.00,-30.27
26643,0.00,0.00,0.00,-30.47
26655,0.00,0.00,0.00,-30.68
26667,0.00,0.00,0.00,-30.88
26682,0.00,0.00,0.00,-31.08
26695,0.00,0.00,0.00,-31.27
26702,0.00,0.00,0.00,-31.46
26713,0.00,0.00,0.00,-31.64
26732,0.00,0.00,0.00,-31.82
26744,0.00,0.00,0.00,-31.99
26761,0.00,0.00,0.00,-32.16
26773,0.00,0.00,0.00,-32.33
26785,0.00,0.00,0.00,-32.49
26798,0.00,0.00,0.00,-32.65
26811,0.00,0.00,0.00,-32.80
26813,0.00,0.00,0.00,-32.94
26836,0.00,0.00,0.00,-33.10
26846,0.00,0.00,0.00,-33.22
26864,0.00,0.00,0.00,-33.36
26876,0.00,0.00,0.00,-33.48
26885,0.00,0.00,0.00,-33.60
26895,0.00,0.00,0.00,-33.72
26913,0.00,0.00,0.00,-33.83
26930,0.00,0.00,0.00,-33.94
26945,0.00,0.00,0.00,-34.04
26955,0.00,0.00,0.00,-34.14
26966,0.00,0.00,0.00,-34.24
26981,0.00,0.00,0.00,-34.32
26994,0.00,0.00,0.00,-34.40
27007,0.00,0.00,0.00,-34.48
27019,0.00,0.00,0.00,-34.55
27031,0.00,0.00,0.00,-34.62
27044,0.00,0.00,0.00,-34.68
27059,0.00,0.00,0.00,-34.73
27072,0.00,0.00,0.00,-34.78
27082,0.00,0.00,0.00,-34.83
27095,0.00,0.00,0.00,-34.87
27110,0.00,0.00,0.00,-34.90
27125,0.00,0.00,0.00,-34.93
27138,0.00,0.00,0.00,-34.96
27147,0.00,0.00,0.00,-34.98
27161,0.00,0.00,0.00,-34.99
27176,0.00,0.00,0.00,-35.00
27187,0.00,0.00,0.00,-35.00
27203,0.00,0.00,0.00,-35.00
27215,0.00,0.00,0.00,-34.99
27228,0.00,0.00,0.00,-34.98
27240,0.00,0.00,0.00,-34.96
27253,0.00,0.00,0.00,-34.93
27264,0.00,0.00,0.00,-34.90
27279,0.00,0.00,0.00,-34.87
27292,0.00,0.00,0.00,-34.83
27306,0.00,0.00,0.00,-34.78
27317,0.00,0.00,0.00,-34.73
27326,0.00,0.00,0.00,-34.68
27344,0.00,0.00,0.00,-34.62
27359,0.00,0.00,0.00,-34.55
27368,0.00,0.00,0.00,-34.48
27385,0.00,0.00,0.00,-34.40
27396,0.00,0.00,0.00,-34.31
27408,0.00,0.00,0.00,-34.23
27424,0.00,0.00,0.00,-34.14
27436,0.00,0.00,0.00,-34.04
27449,0.00,0.00,0.00,-33.93
27461,0.00,0.00,0.00,-33.83
27474,0.00,0.00,0.00,-33.72
27477,0.00,0.00,0.00,-33.60
27502,0.00,0.00,0.00,-33.48
27513,0.00,0.00,0.00,-33.36
27528,0.00,0.00,0.00,-33.21
27541,0.00,0.00,0.00,-33.09
27552,0.00,0.00,0.00,-32.94
27565,0.00,0.00,0.00,-32.79
27580,0.00,0.00,0.00,-32.63
27596,0.00,0.00,0.00,-32.49
27605,0.00,0.00,0.00,-32.32
27617,0.00,0.00,0.00,-32.15
27629,0.00,0.00,0.00,-31.99
27645,0.00,0.00,0.00,-31.82
27658,0.00,0.00,0.00,-31.63
27670,0.00,0.00,0.00,-31.44
27678,0.00,0.00,0.00,-31.27
27695,0.00,0.00,0.00,-31.06
27709,0.00,0.00,0.00,-30.86
27717,0.00,0.00,0.00,-30.68
27735,0.00,0.00,0.00,-30.46
27745,0.00,0.00,0.00,-30.25
27761,0.00,0.00,0.00,-30.05
27772,0.00,0.00,0.00,-29.83
27785,0.00,0.00,0.00,-29.60
27799,0.00,0.00,0.00,-29.37
27814,0.00,0.00,0.00,-29.16
27828,0.00,0.00,0.00,-28.91
27839,0.00,0.00,0.00,-28.67
27854,0.00,0.00,0.00,-28.45
27867,0.00,0.00,0.00,-28.19
27879,0.00,0.00,0.00,-27.94
27892,0.00,0.00,0.00,-27.69
27904,0.00,0.00,0.00,-27.44
27916,0.00,0.00,0.00,-27.18
27927,0.00,0.00,0.00,-26.92
27943,0.00,0.00,0.00,-26.67
27957,0.00,0.00,0.00,-26.39
27967,0.00,0.00,0.00,-26.12
27978,0.00,0.00,0.00,-25.86
27994,0.00,0.00,0.00,-25.57
28010,0.00,0.00,0.00,-25.29
28022,0.00,0.00,0.00,-25.01
28035,0.00,0.00,0.00,-24.72
28047,0.00,0.00,0.00,-24.44
28059,0.00,0.00,0.00,-24.15
28074,0.00,0.00,0.00,-23.88
28087,0.00,0.00,0.00,-23.56
28099,0.00,0.00,0.00,-23.26
28112,0.00,0.00,0.00,-22.99
28124,0.00,0.00,0.00,-22.67
28137,0.00,0.00,0.00,-22.36
28152,0.00,0.00,0.00,-22.06
28165,0.00,0.00,0.00,-21.75
28178,0.00,0.00,0.00,-21.44
28190,0.00,0.00,0.00,-21.13
28203,0.00,0.00,0.00,-20.82
28215,0.00,0.00,0.00,-20.51
28230,0.00,0.00,0.00,-20.19
28243,0.00,0.00,0.00,-19.90
28255,0.00,0.00,0.00,-19.56
28268,0.00,0.00,0.00,-19.24
28280,0.00,0.00,0.00,-18.92
28297,0.00,0.00,0.00,-18.60
28309,0.00,0.00,0.00,-18.28
28321,0.00,0.00,0.00,-17.95
28334,0.00,0.00,0.00,-17.63
28346,0.00,0.00,0.00,-17.31
28358,0.00,0.00,0.00,-16.98
28375,0.00,0.00,0.00,-16.63
28387,0.00,0.00,0.00,-16.33
28399,0.00,0.00,0.00,-16.00
28411,0.00,0.00,0.00,-15.68
28423,0.00,0.00,0.00,-15.35
28440,0.00,0.00,0.00,-15.03
28452,0.00,0.00,0.00,-14.70
28464,0.00,0.00,0.00,-14.35
28477,0.00,0.00,0.00,-14.05
28489,0.00,0.00,0.00,-13.72
28501,0.00,0.00,0.00,-13.37
28517,0.00,0.00,0.00,-13.07
28530,0.00,0.00,0.00,-12.74
28543,0.00,0.00,0.00,-12.42
28556,0.00,0.00,0.00,-12.09
28567,0.00,0.00,0.00,-11.77
28580,0.00,0.00,0.00,-11.45
28592,0.00,0.00,0.00,-11.10
28608,0.00,0.00,0.00,-10.81
28610,0.00,0.00,0.00,-10.49
28633,0.00,0.00,0.00,-10.15
28646,0.00,0.00,0.00,-9.86
28660,0.00,0.00,0.00,-9.54
28674,0.00,0.00,0.00,-9.20
28686,0.00,0.00,0.00,-8.92
28698,0.00,0.00,0.00,-8.60
28711,0.00,0.00,0.00,-8.30
28723,0.00,0.00,0.00,-7.99
28739,0.00,0.00,0.00,-7.68
28751,0.00,0.00,0.00,-7.38
28764,0.00,0.00,0.00,-7.08
28776,0.00,0.00,0.00,-6.78
28788,0.00,0.00,0.00,-6.48
28801,0.00,0.00,0.00,-6.19
28813,0.00,0.00,0.00,-5.90
28829,0.00,0.00,0.00,-5.61
28841,0.00,0.00,0.00,-5.34
28852,0.00,0.00,0.00,-5.04
28866,0.00,0.00,0.00,-4.75
28878,0.00,0.00,0.00,-4.50
28891,0.00,0.00,0.00,-4.20
28906,0.00,0.00,0.00,-3.95
28920,0.00,0.00,0.00,-3.68
28932,0.00,0.00,0.00,-3.39
28944,0.00,0.00,0.00,-3.14
28958,0.00,0.00,0.00,-2.88
28969,0.00,0.00,0.00,-2.60
28984,0.00,0.00,0.00,-2.37
28997,0.00,0.00,0.00,-2.12
29010,0.00,0.00,0.00,-1.87
29023,0.00,0.00,0.00,-1.62
29034,0.00,0.00,0.00,-1.38
29046,0.00,0.00,0.00,-1.15
29063,0.00,0.00,0.00,-0.91
29075,0.00,0.00,0.00,-0.68
29087,0.00,0.00,0.00,-0.46
29100,0.00,0.00,0.00,-0.23
29112,0.00,0.00,0.00,-0.01
29124,0.00,0.00,0.00,0.20
29140,0.00,0.00,0.00,0.39
29153,0.00,0.00,0.00,0.62
29165,0.00,0.00,0.00,0.82
29173,0.00,0.00,0.00,1.00
29190,0.00,0.00,0.00,1.21
29202,0.00,0.00,0.00,1.38
29208,0.00,0.00,0.00,1.57
29223,0.00,0.00,0.00,1.76
29240,0.00,0.00,0.00,1.93
29256,0.00,0.00,0.00,2.10
29268,0.00,0.00,0.00,2.27
29280,0.00,0.00,0.00,2.43
29296,0.00,0.00,0.00,2.59
29308,0.00,0.00,0.00,2.74
29322,0.00,0.00,0.00,2.89
29329,0.00,0.00,0.00,3.03
29345,0.00,0.00,0.00,3.17
29358,0.00,0.00,0.00,3.30
29374,0.00,0.00,0.00,3.43
29386,0.00,0.00,0.00,3.56
29399,0.00,0.00,0.00,3.68
29411,0.00,0.00,0.00,3.79
29424,0.00,0.00,0.00,3.90
29428,0.00,0.00,0.00,4.00
29452,0.00,0.00,0.00,4.10
29464,0.00,0.00,0.00,4.20
29474,0.00,0.00,0.00,4.28
29490,0.00,0.00,0.00,4.37
29499,0.00,0.00,0.00,4.45
29511,0.00,0.00,0.00,4.52
29528,0.00,0.00,0.00,4.59
29542,0.00,0.00,0.00,4.65
29555,0.00,0.00,0.00,4.71
29567,0.00,0.00,0.00,4.76
29579,0.00,0.00,0.00,4.81
29591,0.00,0.00,0.00,4.85
29607,0.00,0.00,0.00,4.89
29620,0.00,0.00,0.00,4.92
29632,0.00,0.00,0.00,4.95
29644,0.00,0.00,0.00,4.97
29657,0.00,0.00,0.00,4.98
29669,0.00,0.00,0.00,4.99
29685,0.00,0.00,0.00,5.00
29697,0.00,0.00,0.00,5.00
29710,0.00,0.00,0.00,4.99
29723,0.00,0.00,0.00,4.98
29726,0.00,0.00,0.00,4.97
29748,0.00,0.00,0.00,4.95
29762,0.00,0.00,0.00,4.92
29775,0.00,0.00,0.00,4.89
29788,0.00,0.00,0.00,4.85
29800,0.00,0.00,0.00,4.81
29812,0.00,0.00,0.00,4.76
29825,0.00,0.00,0.00,4.70
29840,0.00,0.00,0.00,4.65
29853,0.00,0.00,0.00,4.59
29865,0.00,0.00,0.00,4.52
29878,0.00,0.00,0.00,4.44
29890,0.00,0.00,0.00,4.37
29899,0.00,0.00,0.00,4.28
29914,0.00,0.00,0.00,4.18
29925,0.00,0.00,0.00,4.10
29944,0.00,0.00,0.00,4.00
29957,0.00,0.00,0.00,3.88
29968,0.00,0.00,0.00,3.78
29980,0.00,0.00,0.00,3.67
29996,0.00,0.00,0.00,3.56
30009,0.00,0.00,0.00,3.42
30021,0.00,0.00,0.00,3.29
30033,0.00,0.00,0.00,3.17
30046,0.00,0.00,0.00,3.02
30058,0.00,0.00,0.00,2.88
30074,0.00,0.00,0.00,2.74
30075,0.00,0.00,0.00,2.57
30099,0.00,0.00,0.00,2.42
30111,0.00,0.00,0.00,2.27
30124,0.00,0.00,0.00,2.09
30135,0.00,0.00,0.00,1.91
30151,0.00,0.00,0.00,1.75
30164,0.00,0.00,0.00,1.57
30176,0.00,0.00,0.00,1.37
30189,0.00,0.00,0.00,1.20
30201,0.00,0.00,0.00,1.00
30213,0.00,0.00,0.00,0.79
30229,0.00,0.00,0.00,0.60
30242,0.00,0.00,0.00,0.39
30254,0.00,0.00,0.00,0.17
30267,0.00,0.00,0.00,-0.03
30279,0.00,0.00,0.00,-0.25
30291,0.00,0.00,0.00,-0.47
30307,0.00,0.00,0.00,-0.70
30320,0.00,0.00,0.00,-0.93
30332,0.00,0.00,0.00,-1.16
30345,0.00,0.00,0.00,-1.40
30357,0.00,0.00,0.00,-1.64
30370,0.00,0.00,0.00,-1.87
30383,0.00,0.00,0.00,-2.14
30397,0.00,0.00,0.00,-2.39
30409,0.00,0.00,0.00,-2.62
30422,0.00,0.00,0.00,-2.90
30434,0.00,0.00,0.00,-3.16
30446,0.00,0.00,0.00,-3.41
30463,0.00,0.00,0.00,-3.68
30475,0.00,0.00,0.00,-3.97
30488,0.00,0.00,0.00,-4.22
30500,0.00,0.00,0.00,-4.50
30513,0.00,0.00,0.00,-4.80
30525,0.00,0.00,0.00,-5.06
30540,0.00,0.00,0.00,-5.34
30554,0.00,0.00,0.00,-5.65
30566,0.00,0.00,0.00,-5.92
30578,0.00,0.00,0.00,-6.21
30591,0.00,0.00,0.00,-6.51
30603,0.00,0.00,0.00,-6.80
30619,0.00,0.00,0.00,-7.10
30631,0.00,0.00,0.00,-7.40
30644,0.00,0.00,0.00,-7.71
30656,0.00,0.00,0.00,-8.01
30668,0.00,0.00,0.00,-8.32
30680,0.00,0.00,0.00,-8.63
30697,0.00,0.00,0.00,-8.94
30709,0.00,0.00,0.00,-9.25
30721,0.00,0.00,0.00,-9.54
30733,0.00,0.00,0.00,-9.88
30746,0.00,0.00,0.00,-10.20
30758,0.00,0.00,0.00,-10.49
30774,0.00,0.00,0.00,-10.83
30787,0.00,0.00,0.00,-11.15
30799,0.00,0.00,0.00,-11.45
30812,0.00,0.00,0.00,-11.80
30824,0.00,0.00,0.00,-12.12
30837,0.00,0.00,0.00,-12.44
30852,0.00,0.00,0.00,-12.77
30864,0.00,0.00,0.00,-13.09
30877,0.00,0.00,0.00,-13.42
30890,0.00,0.00,0.00,-13.72
30902,0.00,0.00,0.00,-14.07
30917,0.00,0.00,0.00,-14.40
30930,0.00,0.00,0.00,-14.72
30942,0.00,0.00,0.00,-15.05
30955,0.00,0.00,0.00,-15.38
30968,0.00,0.00,0.00,-15.70
30980,0.00,0.00,0.00,-16.03
30996,0.00,0.00,0.00,-16.36
31009,0.00,0.00,0.00,-16.68
31021,0.00,0.00,0.00,-17.01
31033,0.00,0.00,0.00,-17.33
31045,0.00,0.00,0.00,-17.66
31060,0.00,0.00,0.00,-17.98
31073,0.00,0.00,0.00,-18.30
31086,0.00,0.00,0.00,-18.62
31099,0.00,0.00,0.00,-18.94
31111,0.00,0.00,0.00,-19.26
31123,0.00,0.00,0.00,-19.58
31139,0.00,0.00,0.00,-19.90
31151,0.00,0.00,0.00,-20.22
31164,0.00,0.00,0.00,-20.53
31177,0.00,0.00,0.00,-20.84
31189,0.00,0.00,0.00,-21.16
31201,0.00,0.00,0.00,-21.47
31217,0.00,0.00,0.00,-21.77
31229,0.00,0.00,0.00,-22.08
31242,0.00,0.00,0.00,-22.39
31254,0.00,0.00,0.00,-22.69
31266,0.00,0.00,0.00,-22.99
31282,0.00,0.00,0.00,-23.29
31294,0.00,0.00,0.00,-23.58
31307,0.00,0.00,0.00,-23.88
31319,0.00,0.00,0.00,-24.19
31332,0.00,0.00,0.00,-24.46
31343,0.00,0.00,0.00,-24.75
31360,0.00,0.00,0.00,-25.03
31372,0.00,0.00,0.00,-25.31
31385,0.00,0.00,0.00,-25.59
31397,0.00,0.00,0.00,-25.86
31410,0.00,0.00,0.00,-26.14
31422,0.00,0.00,0.00,-26.41
31437,0.00,0.00,0.00,-26.67
31450,0.00,0.00,0.00,-26.96
31463,0.00,0.00,0.00,-27.20
31475,0.00,0.00,0.00,-27.46
31487,0.00,0.00,0.00,-27.71
31503,0.00,0.00,0.00,-27.96
31516,0.00,0.00,0.00,-28.21
31528,0.00,0.00,0.00,-28.45
31542,0.00,0.00,0.00,-28.69
31554,0.00,0.00,0.00,-28.93
31566,0.00,0.00,0.00,-29.16
31582,0.00,0.00,0.00,-29.41
31594,0.00,0.00,0.00,-29.61
31606,0.00,0.00,0.00,-29.83
31619,0.00,0.00,0.00,-30.07
31630,0.00,0.00,0.00,-30.27
31643,0.00,0.00,0.00,-30.47
31659,0.00,0.00,0.00,-30.68
31671,0.00,0.00,0.00,-30.88
31684,0.00,0.00,0.00,-31.08
31696,0.00,0.00,0.00,-31.27
31709,0.00,0.00,0.00,-31.47
31725,0.00,0.00,0.00,-31.64
31737,0.00,0.00,0.00,-31.82
31749,0.00,0.00,0.00,-32.01
31762,0.00,0.00,0.00,-32.16
31774,0.00,0.00,0.00,-32.33
31787,0.00,0.00,0.00,-32.50
31802,0.00,0.00,0.00,-32.65
31815,0.00,0.00,0.00,-32.80
31827,0.00,0.00,0.00,-32.94
31839,0.00,0.00,0.00,-33.10
31852,0.00,0.00,0.00,-33.22
31864,0.00,0.00,0.00,-33.36
31880,0.00,0.00,0.00,-33.49
31894,0.00,0.00,0.00,-33.60
31906,0.00,0.00,0.00,-33.72
31918,0.00,0.00,0.00,-33.84
31930,0.00,0.00,0.00,-33.94
31946,0.00,0.00,0.00,-34.04
31958,0.00,0.00,0.00,-34.14
31972,0.00,0.00,0.00,-34.24
31983,0.00,0.00,0.00,-34.32
31995,0.00,0.00,0.00,-34.40
32007,0.00,0.00,0.00,-34.48
32024,0.00,0.00,0.00,-34.55
32036,0.00,0.00,0.00,-34.62
32049,0.00,0.00,0.00,-34.68
32061,0.00,0.00,0.00,-34.73
32073,0.00,0.00,0.00,-34.78
32085,0.00,0.00,0.00,-34.83
32102,0.00,0.00,0.00,-34.87
32114,0.00,0.00,0.00,-34.90
32126,0.00,0.00,0.00,-34.93
32138,0.00,0.00,0.00,-34.96
32151,0.00,0.00,0.00,-34.98
32166,0.00,0.00,0.00,-34.99
32179,0.00,0.00,0.00,-35.00
32192,0.00,0.00,0.00,-35.00
32204,0.00,0.00,0.00,-35.00
32216,0.00,0.00,0.00,-34.99
32229,0.00,0.00,0.00,-34.97
32245,0.00,0.00,0.00,-34.96
32257,0.00,0.00,0.00,-34.93
32270,0.00,0.00,0.00,-34.90
32282,0.00,0.00,0.00,-34.87
32294,0.00,0.00,0.00,-34.83
32311,0.00,0.00,0.00,-34.78
32323,0.00,0.00,0.00,-34.73
32335,0.00,0.00,0.00,-34.68
32348,0.00,0.00,0.00,-34.61
32360,0.00,0.00,0.00,-34.55
32372,0.00,0.00,0.00,-34.48
32388,0.00,0.00,0.00,-34.40
32400,0.00,0.00,0.00,-34.31
32413,0.00,0.00,0.00,-34.23
32425,0.00,0.00,0.00,-34.14
32438,0.00,0.00,0.00,-34.04
32449,0.00,0.00,0.00,-33.93
32466,0.00,0.00,0.00,-33.83
32478,0.00,0.00,0.00,-33.71
32491,0.00,0.00,0.00,-33.60
32503,0.00,0.00,0.00,-33.48
32516,0.00,0.00,0.00,-33.35
32531,0.00,0.00,0.00,-33.21
32544,0.00,0.00,0.00,-33.08
32556,0.00,0.00,0.00,-32.94
32569,0.00,0.00,0.00,-32.79
32581,0.00,0.00,0.00,-32.63
32593,0.00,0.00,0.00,-32.49
32609,0.00,0.00,0.00,-32.32
32622,0.00,0.00,0.00,-32.15
32634,0.00,0.00,0.00,-31.98
32647,0.00,0.00,0.00,-31.81
32659,0.00,0.00,0.00,-31.63
32675,0.00,0.00,0.00,-31.44
32687,0.00,0.00,0.00,-31.25
32700,0.00,0.00,0.00,-31.06
32712,0.00,0.00,0.00,-30.86
32725,0.00,0.00,0.00,-30.68
32737,0.00,0.00,0.00,-30.46
32752,0.00,0.00,0.00,-30.25
32765,0.00,0.00,0.00,-30.04
32777,0.00,0.00,0.00,-29.82
32789,0.00,0.00,0.00,-29.60
32803,0.00,0.00,0.00,-29.37
32815,0.00,0.00,0.00,-29.14
32830,0.00,0.00,0.00,-28.91
32843,0.00,0.00,0.00,-28.67
32856,0.00,0.00,0.00,-28.41
32869,0.00,0.00,0.00,-28.19
32880,0.00,0.00,0.00,-27.94
32896,0.00,0.00,0.00,-27.69
32909,0.00,0.00,0.00,-27.44
32920,0.00,0.00,0.00,-27.18
32933,0.00,0.00,0.00,-26.92
32946,0.00,0.00,0.00,-26.63
32958,0.00,0.00,0.00,-26.39
32974,0.00,0.00,0.00,-26.12
32986,0.00,0.00,0.00,-25.82
32999,0.00,0.00,0.00,-25.57
33011,0.00,0.00,0.00,-25.29
33023,0.00,0.00,0.00,-25.01
33039,0.00,0.00,0.00,-24.72
33051,0.00,0.00,0.00,-24.44
33064,0.00,0.00,0.00,-24.15
33077,0.00,0.00,0.00,-23.86
33089,0.00,0.00,0.00,-23.56
33102,0.00,0.00,0.00,-23.26
33117,0.00,0.00,0.00,-22.94
33130,0.00,0.00,0.00,-22.67
33142,0.00,0.00,0.00,-22.36
33155,0.00,0.00,0.00,-22.03
33169,0.00,0.00,0.00,-21.75
33181,0.00,0.00,0.00,-21.44
33196,0.00,0.00,0.00,-21.13
33208,0.00,0.00,0.00,-20.80
33221,0.00,0.00,0.00,-20.51
33232,0.00,0.00,0.00,-20.19
33244,0.00,0.00,0.00,-19.85
33261,0.00,0.00,0.00,-19.56
33273,0.00,0.00,0.00,-19.24
33285,0.00,0.00,0.00,-18.90
33297,0.00,0.00,0.00,-18.60
33310,0.00,0.00,0.00,-18.28
33320,0.00,0.00,0.00,-17.95
33334,0.00,0.00,0.00,-17.61
33351,0.00,0.00,0.00,-17.31
33354,0.00,0.00,0.00,-16.98
33375,0.00,0.00,0.00,-16.63
33385,0.00,0.00,0.00,-16.33
33405,0.00,0.00,0.00,-16.00
33417,0.00,0.00,0.00,-15.65
33429,0.00,0.00,0.00,-15.33
33442,0.00,0.00,0.00,-15.03
33454,0.00,0.00,0.00,-14.67
33466,0.00,0.00,0.00,-14.35
33482,0.00,0.00,0.00,-14.05
33495,0.00,0.00,0.00,-13.72
33507,0.00,0.00,0.00,-13.37
33519,0.00,0.00,0.00,-13.04
33532,0.00,0.00,0.00,-12.74
33544,0.00,0.00,0.00,-12.39
33560,0.00,0.00,0.00,-12.07
33572,0.00,0.00,0.00,-11.77
33585,0.00,0.00,0.00,-11.43
33597,0.00,0.00,0.00,-11.10
33609,0.00,0.00,0.00,-10.81
33625,0.00,0.00,0.00,-10.49
33637,0.00,0.00,0.00,-10.15
33649,0.00,0.00,0.00,-9.83
33662,0.00,0.00,0.00,-9.54
33674,0.00,0.00,0.00,-9.20
33687,0.00,0.00,0.00,-8.89
33703,0.00,0.00,0.00,-8.60
33715,0.00,0.00,0.00,-8.27
33728,0.00,0.00,0.00,-7.97
33740,0.00,0.00,0.00,-7.68
33753,0.00,0.00,0.00,-7.36
33765,0.00,0.00,0.00,-7.06
33781,0.00,0.00,0.00,-6.78
33794,0.00,0.00,0.00,-6.48
33807,0.00,0.00,0.00,-6.17
33819,0.00,0.00,0.00,-5.90
33831,0.00,0.00,0.00,-5.61
33843,0.00,0.00,0.00,-5.32
33858,0.00,0.00,0.00,-5.04
33870,0.00,0.00,0.00,-4.75
33883,0.00,0.00,0.00,-4.48
33896,0.00,0.00,0.00,-4.20
33908,0.00,0.00,0.00,-3.93
33918,0.00,0.00,0.00,-3.68
33936,0.00,0.00,0.00,-3.39
33947,0.00,0.00,0.00,-3.12
33961,0.00,0.00,0.00,-2.88
33972,0.00,0.00,0.00,-2.60
33985,0.00,0.00,0.00,-2.35
33998,0.00,0.00,0.00,-2.12
34014,0.00,0.00,0.00,-1.85
34025,0.00,0.00,0.00,-1.60
34037,0.00,0.00,0.00,-1.38
34052,0.00,0.00,0.00,-1.13
34065,0.00,0.00,0.00,-0.89
34077,0.00,0.00,0.00,-0.68
34092,0.00,0.00,0.00,-0.46
34105,0.00,0.00,0.00,-0.22
34117,0.00,0.00,0.00,-0.01
34130,0.00,0.00,0.00,0.20
34142,0.00,0.00,0.00,0.43
34150,0.00,0.00,0.00,0.62
34166,0.00,0.00,0.00,0.82
34182,0.00,0.00,0.00,1.02
34184,0.00,0.00,0.00,1.21
34201,0.00,0.00,0.00,1.40
34218,0.00,0.00,0.00,1.57
34233,0.00,0.00,0.00,1.76
34243,0.00,0.00,0.00,1.94
34254,0.00,0.00,0.00,2.10
34273,0.00,0.00,0.00,2.28
34286,0.00,0.00,0.00,2.44
34298,0.00,0.00,0.00,2.59
34310,0.00,0.00,0.00,2.75
34322,0.00,0.00,0.00,2.90
34338,0.00,0.00,0.00,3.03
34350,0.00,0.00,0.00,3.18
34362,0.00,0.00,0.00,3.31
34375,0.00,0.00,0.00,3.43
34387,0.00,0.00,0.00,3.56
34399,0.00,0.00,0.00,3.69
34415,0.00,0.00,0.00,3.79
34428,0.00,0.00,0.00,3.90
34441,0.00,0.00,0.00,4.01
34453,0.00,0.00,0.00,4.10
34465,0.00,0.00,0.00,4.20
34478,0.00,0.00,0.00,4.29
34494,0.00,0.00,0.00,4.37
34506,0.00,0.00,0.00,4.45
34518,0.00,0.00,0.00,4.52
34531,0.00,0.00,0.00,4.59
34543,0.00,0.00,0.00,4.66
34555,0.00,0.00,0.00,4.71
34571,0.00,0.00,0.00,4.77
34584,0.00,0.00,0.00,4.81
34596,0.00,0.00,0.00,4.85
34608,0.00,0.00,0.00,4.89
34619,0.00,0.00,0.00,4.92
34633,0.00,0.00,0.00,4.95
34649,0.00,0.00,0.00,4.97
34662,0.00,0.00,0.00,4.98
34675,0.00,0.00,0.00,4.99
34687,0.00,0.00,0.00,5.00
34700,0.00,0.00,0.00,5.00
34711,0.00,0.00,0.00,4.99
34727,0.00,0.00,0.00,4.98
34739,0.00,0.00,0.00,4.97
34752,0.00,0.00,0.00,4.95
34763,0.00,0.00,0.00,4.92
34777,0.00,0.00,0.00,4.88
34789,0.00,0.00,0.00,4.85
34805,0.00,0.00,0.00,4.81
34817,0.00,0.00,0.00,4.76
34829,0.00,0.00,0.00,4.70
34842,0.00,0.00,0.00,4.65
34855,0.00,0.00,0.00,4.58
34867,0.00,0.00,0.00,4.51
34883,0.00,0.00,0.00,4.44
34895,0.00,0.00,0.00,4.36
34908,0.00,0.00,0.00,4.27
34920,0.00,0.00,0.00,4.18
34932,0.00,0.00,0.00,4.09
34944,0.00,0.00,0.00,4.00
34960,0.00,0.00,0.00,3.88
34974,0.00,0.00,0.00,3.77
34985,0.00,0.00,0.00,3.67
34998,0.00,0.00,0.00,3.54
35010,0.00,0.00,0.00,3.41
35022,0.00,0.00,0.00,3.29
35038,0.00,0.00,0.00,3.15
35051,0.00,0.00,0.00,3.01
35063,0.00,0.00,0.00,2.88
35075,0.00,0.00,0.00,2.72
35087,0.00,0.00,0.00,2.56
35101,0.00,0.00,0.00,2.42
35116,0.00,0.00,0.00,2.25
35128,0.00,0.00,0.00,2.07
35141,0.00,0.00,0.00,1.91
35153,0.00,0.00,0.00,1.74
35166,0.00,0.00,0.00,1.56
35178,0.00,0.00,0.00,1.37
35193,0.00,0.00,0.00,1.18
35206,0.00,0.00,0.00,0.99
35219,0.00,0.00,0.00,0.79
35232,0.00,0.00,0.00,0.58
35243,0.00,0.00,0.00,0.39
35257,0.00,0.00,0.00,0.17
35272,0.00,0.00,0.00,-0.05
35283,0.00,0.00,0.00,-0.25
35298,0.00,0.00,0.00,-0.49
35300,0.00,0.00,0.00,-0.72
35316,0.00,0.00,0.00,-0.93
35332,0.00,0.00,0.00,-1.18
35350,0.00,0.00,0.00,-1.42
35362,0.00,0.00,0.00,-1.64
35374,0.00,0.00,0.00,-1.91
35386,0.00,0.00,0.00,-2.15
35399,0.00,0.00,0.00,-2.39
35411,0.00,0.00,0.00,-2.64
35427,0.00,0.00,0.00,-2.92
35440,0.00,0.00,0.00,-3.16
35453,0.00,0.00,0.00,-3.43
35465,0.00,0.00,0.00,-3.72
35475,0.00,0.00,0.00,-3.97
35482,0.00,0.00,0.00,-4.24
35501,0.00,0.00,0.00,-4.54
35518,0.00,0.00,0.00,-4.80
35531,0.00,0.00,0.00,-5.08
35542,0.00,0.00,0.00,-5.36
35551,0.00,0.00,0.00,-5.65
35567,0.00,0.00,0.00,-5.94
35582,0.00,0.00,0.00,-6.24
35596,0.00,0.00,0.00,-6.53
35608,0.00,0.00,0.00,-6.83
35620,0.00,0.00,0.00,-7.13
35633,0.00,0.00,0.00,-7.43
35645,0.00,0.00,0.00,-7.73
35661,0.00,0.00,0.00,-8.04
35670,0.00,0.00,0.00,-8.32
35687,0.00,0.00,0.00,-8.65
35700,0.00,0.00,0.00,-8.96
35709,0.00,0.00,0.00,-9.25
35717,0.00,0.00,0.00,-9.59
35738,0.00,0.00,0.00,-9.90
35751,0.00,0.00,0.00,-10.20
35765,0.00,0.00,0.00,-10.54
35777,0.00,0.00,0.00,-10.86
35789,0.00,0.00,0.00,-11.15
35804,0.00,0.00,0.00,-11.50
35816,0.00,0.00,0.00,-11.82
35829,0.00,0.00,0.00,-12.12
35841,0.00,0.00,0.00,-12.44
35853,0.00,0.00,0.00,-12.79
35865,0.00,0.00,0.00,-13.12
35882,0.00,0.00,0.00,-13.42
35896,0.00,0.00,0.00,-13.77
35908,0.00,0.00,0.00,-14.10
35920,0.00,0.00,0.00,-14.40
